-- MySQL dump 10.13  Distrib 8.0.29, for Win64 (x86_64)
--
-- Host: localhost    Database: kemiskinan
-- ------------------------------------------------------
-- Server version	8.0.29

/*!40101 SET @OLD_CHARACTER_SET_CLIENT=@@CHARACTER_SET_CLIENT */;
/*!40101 SET @OLD_CHARACTER_SET_RESULTS=@@CHARACTER_SET_RESULTS */;
/*!40101 SET @OLD_COLLATION_CONNECTION=@@COLLATION_CONNECTION */;
/*!50503 SET NAMES utf8 */;
/*!40103 SET @OLD_TIME_ZONE=@@TIME_ZONE */;
/*!40103 SET TIME_ZONE='+00:00' */;
/*!40014 SET @OLD_UNIQUE_CHECKS=@@UNIQUE_CHECKS, UNIQUE_CHECKS=0 */;
/*!40014 SET @OLD_FOREIGN_KEY_CHECKS=@@FOREIGN_KEY_CHECKS, FOREIGN_KEY_CHECKS=0 */;
/*!40101 SET @OLD_SQL_MODE=@@SQL_MODE, SQL_MODE='NO_AUTO_VALUE_ON_ZERO' */;
/*!40111 SET @OLD_SQL_NOTES=@@SQL_NOTES, SQL_NOTES=0 */;

--
-- Table structure for table `detail_lokasis`
--

DROP TABLE IF EXISTS `detail_lokasis`;
/*!40101 SET @saved_cs_client     = @@character_set_client */;
/*!50503 SET character_set_client = utf8mb4 */;
CREATE TABLE `detail_lokasis` (
  `id` int NOT NULL AUTO_INCREMENT,
  `detailSubKegiatanId` int NOT NULL,
  `kabupatenKotaId` varchar(45) NOT NULL,
  `kecamatanId` varchar(45) NOT NULL,
  `kelurahanId` varchar(45) NOT NULL,
  `createdAt` timestamp NULL DEFAULT CURRENT_TIMESTAMP,
  `updatedAt` datetime DEFAULT CURRENT_TIMESTAMP ON UPDATE CURRENT_TIMESTAMP,
  PRIMARY KEY (`id`),
  KEY `detail_sub_kegiatanId_idx` (`detailSubKegiatanId`),
  KEY `kabupatenKotaId_idx` (`kabupatenKotaId`),
  KEY `kecamatanId_idx` (`kecamatanId`),
  KEY `kelurahanId_idx` (`kelurahanId`),
  CONSTRAINT `detailSubKegiatanId` FOREIGN KEY (`detailSubKegiatanId`) REFERENCES `detail_sub_kegiatans` (`id`),
  CONSTRAINT `kabupatenKotaId` FOREIGN KEY (`kabupatenKotaId`) REFERENCES `kabupaten_kota` (`id`),
  CONSTRAINT `kecamatanIdInDetailLokasi` FOREIGN KEY (`kecamatanId`) REFERENCES `kecamatans` (`id`),
  CONSTRAINT `kelurahanId` FOREIGN KEY (`kelurahanId`) REFERENCES `kelurahans` (`id`)
) ENGINE=InnoDB AUTO_INCREMENT=5 DEFAULT CHARSET=utf8mb4 COLLATE=utf8mb4_0900_ai_ci;
/*!40101 SET character_set_client = @saved_cs_client */;

--
-- Dumping data for table `detail_lokasis`
--

LOCK TABLES `detail_lokasis` WRITE;
/*!40000 ALTER TABLE `detail_lokasis` DISABLE KEYS */;
INSERT INTO `detail_lokasis` VALUES (1,4,'7201','7201030','7201030007','2022-12-24 19:32:21','2022-12-26 22:46:25'),(2,4,'7201','7201030','7201030008','2022-12-24 19:32:21','2022-12-26 22:46:25'),(3,4,'7201','7201030','7201030009','2022-12-24 19:32:21','2022-12-26 22:46:25'),(4,4,'7204','7204010','7204010001','2022-12-24 19:32:21','2022-12-26 22:46:25');
/*!40000 ALTER TABLE `detail_lokasis` ENABLE KEYS */;
UNLOCK TABLES;

--
-- Table structure for table `detail_sub_kegiatans`
--

DROP TABLE IF EXISTS `detail_sub_kegiatans`;
/*!40101 SET @saved_cs_client     = @@character_set_client */;
/*!50503 SET character_set_client = utf8mb4 */;
CREATE TABLE `detail_sub_kegiatans` (
  `id` int NOT NULL AUTO_INCREMENT,
  `subKegiatanId` int NOT NULL,
  `fokusBelanja` mediumtext NOT NULL,
  `indikator` longtext NOT NULL,
  `target` float NOT NULL,
  `satuan` varchar(100) NOT NULL,
  `paguFokusBelanja` bigint NOT NULL,
  `keterangan` mediumtext NOT NULL,
  `createdAt` timestamp NULL DEFAULT CURRENT_TIMESTAMP,
  `updatedAt` datetime DEFAULT CURRENT_TIMESTAMP ON UPDATE CURRENT_TIMESTAMP,
  PRIMARY KEY (`id`),
  KEY `sub_kegiatanId_idx` (`subKegiatanId`),
  CONSTRAINT `sub_kegiatanId` FOREIGN KEY (`subKegiatanId`) REFERENCES `sub_kegiatans` (`id`)
) ENGINE=InnoDB AUTO_INCREMENT=48 DEFAULT CHARSET=utf8mb4 COLLATE=utf8mb4_0900_ai_ci;
/*!40101 SET character_set_client = @saved_cs_client */;

--
-- Dumping data for table `detail_sub_kegiatans`
--

LOCK TABLES `detail_sub_kegiatans` WRITE;
/*!40000 ALTER TABLE `detail_sub_kegiatans` DISABLE KEYS */;
INSERT INTO `detail_sub_kegiatans` VALUES (1,1,'-','-',0,'-',0,'-','2022-12-24 19:34:19','2022-12-25 03:34:19'),(2,2,'Rekonstruksi Jalan Ruas Banggai - Lokotoy','Panjang Jalan Ruas Banggai - Lokotoy Yang di Rekonstruksi',1.3,'km',3250000000,'Meningkatkan aksesbilitas masyarakat dan memperlancar distribusi barang','2022-12-24 19:34:19','2022-12-25 03:34:19'),(3,2,'Rekonstruksi Jalan Ruas Siuna - Bualemo','Panjang Jalan Ruas Siuna - Bualemo Yang di Rekonstruksi',13.6,'km',34000000000,'Meningkatkan aksesbilitas masyarakat dan memperlancar distribusi barang','2022-12-24 19:34:19','2022-12-25 03:34:19'),(4,2,'Rekonstruksi Jalan Ruas Salakan - Sambiut','Panjang Jalan Ruas Salakan - Sambiut Yang di Rekonstruksi',5,'km',12500000000,'Meningkatkan aksesbilitas masyarakat dan memperlancar distribusi barang','2022-12-24 19:34:19','2022-12-25 03:34:19'),(5,2,'Rekonstruksi Jalan Ruas Tonosu - Pendolo','Panjang Jalan Ruas Tonosu - Pendolo Yang di Rekonstruksi',10,'km',25000000000,'Meningkatkan aksesbilitas masyarakat dan memperlancar distribusi barang','2022-12-24 19:34:19','2022-12-25 03:34:19'),(6,2,'Rekonstruksi Jalan Ruas Tonosu - Gintu','Panjang Jalan Ruas Tonosu - Gintu Yang di Rekonstruksi',2,'km',5000000000,'Meningkatkan aksesbilitas masyarakat dan memperlancar distribusi barang','2022-12-24 19:34:19','2022-12-25 03:34:19'),(7,2,'Rekonstruksi Jalan Ruas Tayawa - Malino','Panjang Jalan Ruas Tayawa - Malino Yang di Rekonstruksi',1.5,'km',3750000000,'Meningkatkan aksesbilitas masyarakat dan memperlancar distribusi barang','2022-12-24 19:34:19','2022-12-25 03:34:19'),(8,2,'Rekonstruksi Jalan Ruas Mepanga - Pasir Putih','Panjang Jalan Ruas Mepanga - Pasir Putih Yang di Rekonstruksi',3,'km',7500000000,'Meningkatkan aksesbilitas masyarakat dan memperlancar distribusi barang','2022-12-24 19:34:19','2022-12-25 03:34:19'),(9,2,'Rekonstruksi Jalan Ruas Pasir Putih (Bts. Parigi Moutong) - Basi','Panjang Jalan Ruas  Pasir Putih (Bts. Parigi Moutong) - Basi Yang di Rekonstruksi',1.6,'km',4500000000,'Meningkatkan aksesbilitas masyarakat dan memperlancar distribusi barang','2022-12-24 19:34:19','2022-12-25 03:34:19'),(10,2,'Rekonstruksi Jalan Ruas Beteleme - Nuha','Panjang Jalan Ruas Beteleme - Nuha Yang di Rekonstruksi',5,'km',12500000000,'Meningkatkan aksesbilitas masyarakat dan memperlancar distribusi barang','2022-12-24 19:34:19','2022-12-25 03:34:19'),(11,3,'Pemeliharaan Berkala Jalan Ruas Ampera - Banawa','Panjang Jalan Ruas Ampera - Banawa Yang di Lakukan Pemeliharaan secara Berkala',1.3,'km',650000000000,'Meningkatkan aksesbilitas masyarakat dan memperlancar distribusi barang','2022-12-24 19:34:19','2022-12-25 03:34:19'),(12,4,'Pemeliharaan Rutin Jalan Kewenangan Pemerintah daerah Provinsi Sulawesi Tengah','Panjang  Ruas Jalan Kewenangan Pemerintah Provinsi Sulawesi Tengah Yang di Lakukan Pemeliharaan secara Rutin',1595.01,'km',15467591000,'Meningkatkan aksesbilitas masyarakat dan memperlancar distribusi barang','2022-12-24 19:34:19','2022-12-25 03:34:19'),(13,5,'Penggantian Jembatan Sukamaju','Panjang Jembatan Sukamaju Yang Di lakukan Penggantian',150,'m',5000000000,'Meningkatkan aksesbilitas masyarakat dan memperlancar distribusi barang','2022-12-24 19:34:19','2022-12-25 03:34:19'),(14,5,'Penggantian Jembatan Boilan','Panjang Jembatan Boilan Yang Di lakukan Penggantian',20,'m',5000000000,'Meningkatkan aksesbilitas masyarakat dan memperlancar distribusi barang','2022-12-24 19:34:19','2022-12-25 03:34:19'),(15,5,'Penggantian Jembatan Limpas Oyom - Mulyasari','Panjang Jembatan Limpas Oyom - Mulyasari Yang Di lakukan Penggantian',40,'m',12500000000,'Meningkatkan aksesbilitas masyarakat dan memperlancar distribusi barang','2022-12-24 19:34:19','2022-12-25 03:34:19'),(16,5,'Bantuan Jembatan Gantung','-',0,'-',1000000000,'Meningkatkan aksesbilitas masyarakat dan memperlancar distribusi barang','2022-12-24 19:34:19','2022-12-25 03:34:19'),(17,6,'Pemeliharaan Rutin Jembatan Kewenangan Pemerintah daerah Provinsi Sulawesi Tengah','Panjang  Jembatan Kewenangan Pemerintah Provinsi Sulawesi Tengah Yang di Lakukan Pemeliharaan secara Rutin',4436.36,'m',3300000000,'Meningkatkan aksesbilitas masyarakat dan memperlancar distribusi barang','2022-12-24 19:34:19','2022-12-25 03:34:19'),(18,7,'Pembiyaan Peserta Didik / Siswa','Terpenuhinya Kebutuhan Peserta Didik',227,'Sekolah',0,'-','2022-12-24 19:34:19','2022-12-25 03:34:19'),(19,8,'Pembangunan Tempat Pendidikan','Terpenuhinya Sarana dan Prasarana Pendidikan',31,'Sekolah',0,'-','2022-12-24 19:34:19','2022-12-25 03:34:19'),(20,9,'Alat Praktik dan Peraga Peserta Didik','Adanya Alat Praktik dan Peraga Peserta Didik',31,'Sekolah',0,'-','2022-12-24 19:34:19','2022-12-25 03:34:19'),(21,10,'Pembiayaan Penunjang Kebutuhan Sekolah','Adanya Biaya Penunjang Kebutuhan Sekolah',31,'Sekolah',2569000000,'Pagu Validasi pada SIPD (pagu sementara)','2022-12-24 19:34:19','2022-12-25 03:34:19'),(22,11,'Rehab Ruang kebutuhan Pendidikan','Terlaksananya Rehabiltasi Sarana dan Prasarana utilitas sekolah',31,'Sekolah',0,'-','2022-12-24 19:34:19','2022-12-25 03:34:19'),(23,12,'Kegiatan pengembangan SDM bidang pendidikan','Terlaksananya kegiatan pengembangan manajemen sekolah',227,'Sekolah',0,'-','2022-12-24 19:34:19','2022-12-25 03:34:19'),(24,13,'Personil Tenaga Pendidik dan Tenaga Kependidikan','Adanya tenaga pendidik dan Tenaga Kependidikan yang memadai',611,'Guru',0,'-','2022-12-24 19:34:19','2022-12-25 03:34:19'),(25,14,'Dokumen Pelaksanaan Pembiayan Pendidikan','Terpenuhinya Pelaksanaan Evaluasi pembiayaan pendidikan',227,'Sekolah',600000000,'Pagu Validasi pada SIPD (pagu sementara)','2022-12-24 19:34:19','2022-12-25 03:34:19'),(26,15,'Ruang/Sudut Baca','Adanya Ruang/Sudut Baca',31,'Sekolah',0,'-','2022-12-24 19:34:19','2022-12-25 03:34:19'),(27,16,'Peserta Didik / Siswa','Terlaksananya kegiatan Minat, Bakat dan Kreativitas Siswa',2497,'Siswa',700000000,'Pagu Validasi pada SIPD (pagu sementara)','2022-12-24 19:34:19','2022-12-25 03:34:19'),(28,17,'Pembiyaan Peserta Didik / Siswa','Terpenuhinya Kebutuhan Peserta Didik',185,'Sekolah',0,'-','2022-12-24 19:34:19','2022-12-25 03:34:19'),(29,18,'Ruang Praktek','Terpenuhinya Ruang Praktek Siswa',33,'Sekolah',0,'-','2022-12-24 19:34:19','2022-12-25 03:34:19'),(30,19,'Peserta Didik / Siswa','Terlaksananya kegiatan Minat, Bakat dan Kreativitas Siswa',106,'Sekolah',1400000000,'Pagu Validasi pada SIPD (pagu sementara)','2022-12-24 19:34:19','2022-12-25 03:34:19'),(31,20,'Dokumen Pelaksanaan Pembiayan Pendidikan','Terpenuhinya Pelaksanaan Evaluasi pembiayaan pendidikan',185,'Sekolah',250000000,'Pagu Validasi pada SIPD (pagu sementara)','2022-12-24 19:34:19','2022-12-25 03:34:19'),(32,21,'Perlengkapan Sekolah','Adanya Perlengkapan Sekolah dalam mendukung propses belajar mengajar',33,'Sekolah',0,'-','2022-12-24 19:34:19','2022-12-25 03:34:19'),(33,22,'Pembiyaan Peserta Didik / Siswa','Terpenuhinya Kebutuhan Peserta Didik',5400,'Siswa',250000000,'Pagu Validasi pada SIPD (pagu sementara)','2022-12-24 19:34:19','2022-12-25 03:34:19'),(34,23,'Kegiatan pengembangan SDM bidang pendidikan','terlaksananya kegiatan pengembangan manajemen sekolah',185,'Sekolah',650000000,'Pagu Validasi pada SIPD (pagu sementara)','2022-12-24 19:34:19','2022-12-25 03:34:19'),(35,24,'Pembangunan Tempat Pendidikan','Terpenuhinya Sarana dan Prasarana Pendidikan',33,'Sekolah',0,'-','2022-12-24 19:34:19','2022-12-25 03:34:19'),(36,25,'Kegiatan Pengembangan dan Pembinaan Guru SMK','Terlaksananya Pembinaan Guru SMK',304,'Orang',300000000,'Pagu Validasi pada SIPD (pagu sementara)','2022-12-24 19:34:19','2022-12-25 03:34:19'),(37,26,'Kegiatan Pengembangan dan Pembinaan Guru SMK','Terlaksananya Pembinaan Guru SMK',304,'Orang',150000000,'Pagu Validasi pada SIPD (pagu sementara)','2022-12-24 19:34:19','2022-12-25 03:34:19'),(38,27,'Pembiyaan Peserta Didik / Siswa','Terpenuhinya Kebutuhan Peserta Didik',30,'Sekolah',0,'-','2022-12-24 19:34:19','2022-12-25 03:34:19'),(39,28,'Pembiayaan Penunjang Kebutuhan Sekolah','Adanya Biaya Penunjang Kebutuhan Sekolah',5,'Sekolah',300000000,'Pagu Validasi pada SIPD (pagu sementara)','2022-12-24 19:34:19','2022-12-25 03:34:19'),(40,29,'Personil Tenaga Pendidik dan Tenaga Kependidikan','Adanya Biaya Penunjang Kebutuhan Sekolah',94,'Orang',366508200,'Pagu Validasi pada SIPD (pagu sementara)','2022-12-24 19:34:19','2022-12-25 03:34:19'),(41,30,'Kegiatan pengembangan SDM bidang pendidikan','terlaksananya kegiatan pengembangan manajemen sekolah',30,'Sekolah',500000000,'Pagu Validasi pada SIPD (pagu sementara)','2022-12-24 19:34:19','2022-12-25 03:34:19'),(42,31,'Rehab Ruang kebutuhan Pendidikan','Terlaksananya Rehabiltasi Sarana dan Prasarana utilitas sekolah',5,'Sekolah',0,'-','2022-12-24 19:34:19','2022-12-25 03:34:19'),(43,32,'Kegiatan Pengembangan dan Pembinaan Guru SMK','Terlaksananya Pembinaan Guru SMK',94,'Orang',403274000,'Pagu Validasi pada SIPD (pagu sementara)','2022-12-24 19:34:19','2022-12-25 03:34:19'),(44,33,'Peserta Didik / Siswa','Terlaksananya kegiatan Minat, Bakat dan Kreativitas Siswa',330,'Sekolah',301549125,'Pagu Validasi pada SIPD (pagu sementara)','2022-12-24 19:34:19','2022-12-25 03:34:19'),(45,34,'Dokumen Pelaksanaan Pembiayan Pendidiian','Terpenuhinya Pelaksanaan Evaluasi pembiayaan pendidikan',30,'Sekolah',124894250,'Pagu Validasi pada SIPD (pagu sementara)','2022-12-24 19:34:19','2022-12-25 03:34:19'),(46,35,'Alat Praktik dan Peraga Peserta Didik','Adanya Alat Praktik dan Peraga Peserta Didik',5,'Sekolah',0,'-','2022-12-24 19:34:19','2022-12-25 03:34:19'),(47,36,'Pembangunan Tempat Pendidikan','Terpenuhinya Sarana dan Prasarana Pendidikan',5,'Sekolah',0,'-','2022-12-24 19:34:19','2022-12-25 03:34:19');
/*!40000 ALTER TABLE `detail_sub_kegiatans` ENABLE KEYS */;
UNLOCK TABLES;

--
-- Table structure for table `instansis`
--

DROP TABLE IF EXISTS `instansis`;
/*!40101 SET @saved_cs_client     = @@character_set_client */;
/*!50503 SET character_set_client = utf8mb4 */;
CREATE TABLE `instansis` (
  `id` int NOT NULL AUTO_INCREMENT,
  `namaInstansi` varchar(200) NOT NULL,
  `createdAt` timestamp NULL DEFAULT CURRENT_TIMESTAMP,
  `updatedAt` datetime DEFAULT CURRENT_TIMESTAMP ON UPDATE CURRENT_TIMESTAMP,
  PRIMARY KEY (`id`)
) ENGINE=InnoDB AUTO_INCREMENT=21 DEFAULT CHARSET=utf8mb4 COLLATE=utf8mb4_0900_ai_ci;
/*!40101 SET character_set_client = @saved_cs_client */;

--
-- Dumping data for table `instansis`
--

LOCK TABLES `instansis` WRITE;
/*!40000 ALTER TABLE `instansis` DISABLE KEYS */;
INSERT INTO `instansis` VALUES (1,'Dinas Bina Marga Provinsi Sulawesi Tengah','2022-12-24 19:34:32','2022-12-25 03:34:32'),(2,'Dinas Pendidikan Provinsi Sulawesi Tengah','2022-12-24 19:34:32','2022-12-25 03:34:32'),(3,'Dinas Cipta Karya dan Sumber Daya Air Provinsi Sulawesi Tengah','2022-12-24 19:34:32','2022-12-25 03:34:32'),(4,'Dinas Kelautan dan Perikanan Provinsi Sulawesi Tengah','2022-12-24 19:34:32','2022-12-25 03:34:32'),(5,'Dinas Perumahan Kawasan Pemukiman dan Pertanahan Provinsi Sulawesi Tengah','2022-12-24 19:34:32','2022-12-25 03:34:32'),(6,'Dinas Perkebunan dan Peternakan Provinsi Sulawesi Tengah','2022-12-24 19:34:32','2022-12-25 03:34:32'),(7,'Dinas Pemberdayaan Perempuan dan Perlindungan Anak Provinsi Sulawesi Tengah','2022-12-24 19:34:32','2022-12-25 03:34:32'),(8,'Dinas Tenaga Kerja dan Transmigrasi Provinsi Sulawesi Tengah','2022-12-24 19:34:32','2022-12-25 03:34:32'),(9,'Dinas Pengendalian Penduduk dan Keluarga Berencana Provinsi Sulawesi Tengah','2022-12-24 19:34:32','2022-12-25 03:34:32'),(10,'Dinas Pemuda dan Olahraga Provinsi Sulawesi Tengah','2022-12-24 19:34:32','2022-12-25 03:34:32'),(11,'Dinas Kesehatan Provinsi Sulawesi Tengah','2022-12-24 19:34:32','2022-12-25 03:34:32'),(12,'Dinas Sosial Provinsi Sulawesi Tengah','2022-12-24 19:34:32','2022-12-25 03:34:32'),(13,'Dinas Pemberdayaan Masyarakat dan Desa Provinsi Sulawesi Tengah','2022-12-24 19:34:32','2022-12-25 03:34:32'),(14,'Dinas Perpustakaan Provinsi Sulawesi Tengah','2022-12-24 19:34:32','2022-12-25 03:34:32'),(15,'Dinas Perindustrian dan Perdagangan Provinsi Sulawesi Tengah','2022-12-24 19:34:32','2022-12-25 03:34:32'),(16,'Dinas Pariwisata Provinsi Sulawesi Tengah','2022-12-24 19:34:32','2022-12-25 03:34:32'),(17,'Dinas Pangan Provinsi Sulawesi Tengah','2022-12-24 19:34:32','2022-12-25 03:34:32'),(18,'Dinas Koperasi dan UMKM Provinsi Sulawesi Tengah','2022-12-24 19:34:32','2022-12-25 03:34:32'),(19,'Dinas ESDM Provinsi Sulawesi Tengah','2022-12-24 19:34:32','2022-12-25 03:34:32'),(20,'Dinas Kependudukan dan Catatan Sipil Provinsi Sulawesi Tengah','2022-12-24 19:34:32','2022-12-25 03:34:32');
/*!40000 ALTER TABLE `instansis` ENABLE KEYS */;
UNLOCK TABLES;

--
-- Table structure for table `kabupaten_kota`
--

DROP TABLE IF EXISTS `kabupaten_kota`;
/*!40101 SET @saved_cs_client     = @@character_set_client */;
/*!50503 SET character_set_client = utf8mb4 */;
CREATE TABLE `kabupaten_kota` (
  `id` varchar(45) NOT NULL,
  `provinsiId` varchar(45) NOT NULL,
  `nama` varchar(100) NOT NULL,
  PRIMARY KEY (`id`),
  KEY `provinsiId_idx` (`provinsiId`),
  CONSTRAINT `provinsiId` FOREIGN KEY (`provinsiId`) REFERENCES `provinsis` (`id`)
) ENGINE=InnoDB DEFAULT CHARSET=utf8mb4 COLLATE=utf8mb4_0900_ai_ci;
/*!40101 SET character_set_client = @saved_cs_client */;

--
-- Dumping data for table `kabupaten_kota`
--

LOCK TABLES `kabupaten_kota` WRITE;
/*!40000 ALTER TABLE `kabupaten_kota` DISABLE KEYS */;
INSERT INTO `kabupaten_kota` VALUES ('7201','72','Kabupaten Banggai Kepulauan'),('7202','72','Kabupaten Banggai'),('7203','72','Kabupaten Morowali'),('7204','72','Kabupaten Poso'),('7205','72','Kabupaten Donggala'),('7206','72','Kabupaten Toli-toli'),('7207','72','Kabupaten Buol'),('7208','72','Kabupaten Parigi Moutong'),('7209','72','Kabupaten Tojo Una-una'),('7210','72','Kabupaten Sigi'),('7211','72','Kabupaten Banggai Laut'),('7212','72','Kabupaten Morowali Utara'),('7271','72','Kota Palu');
/*!40000 ALTER TABLE `kabupaten_kota` ENABLE KEYS */;
UNLOCK TABLES;

--
-- Table structure for table `kecamatans`
--

DROP TABLE IF EXISTS `kecamatans`;
/*!40101 SET @saved_cs_client     = @@character_set_client */;
/*!50503 SET character_set_client = utf8mb4 */;
CREATE TABLE `kecamatans` (
  `id` varchar(45) NOT NULL,
  `kabupatenKotaId` varchar(45) NOT NULL,
  `nama` varchar(100) NOT NULL,
  PRIMARY KEY (`id`),
  KEY `kabupaten_kotaId_idx` (`kabupatenKotaId`),
  CONSTRAINT `kabupaten_kotaId` FOREIGN KEY (`kabupatenKotaId`) REFERENCES `kabupaten_kota` (`id`)
) ENGINE=InnoDB DEFAULT CHARSET=utf8mb4 COLLATE=utf8mb4_0900_ai_ci;
/*!40101 SET character_set_client = @saved_cs_client */;

--
-- Dumping data for table `kecamatans`
--

LOCK TABLES `kecamatans` WRITE;
/*!40000 ALTER TABLE `kecamatans` DISABLE KEYS */;
INSERT INTO `kecamatans` VALUES ('7201030','7201','Totikum'),('7201031','7201','Totikum Selatan'),('7201040','7201','Tinangkung'),('7201041','7201','Tinangkung Selatan'),('7201042','7201','Tinangkung Utara'),('7201050','7201','Liang'),('7201051','7201','Peling Tengah'),('7201060','7201','Bulagi'),('7201061','7201','Bulagi Selatan'),('7201062','7201','Bulagi Utara'),('7201070','7201','Buko'),('7201071','7201','Buko Selatan'),('7202010','7202','Toili'),('7202011','7202','Toili Barat'),('7202012','7202','Moilong'),('7202020','7202','Batui'),('7202021','7202','Batui Selatan'),('7202030','7202','Bunta'),('7202031','7202','Nuhon'),('7202032','7202','Simpang Raya'),('7202040','7202','Kintom'),('7202050','7202','Luwuk'),('7202051','7202','Luwuk Timur'),('7202052','7202','Luwuk Utara'),('7202053','7202','Luwuk Selatan'),('7202054','7202','Nambo'),('7202060','7202','Pagimana'),('7202061','7202','Bualemo'),('7202062','7202','Lobu'),('7202070','7202','Lamala'),('7202071','7202','Masama'),('7202072','7202','Mantoh'),('7202080','7202','Balantak'),('7202081','7202','Balantak Selatan'),('7202082','7202','Balantak Utara'),('7203010','7203','Menui Kepulauan'),('7203020','7203','Bungku Selatan'),('7203021','7203','Bahodopi'),('7203022','7203','Bungku Pesisir'),('7203030','7203','Bungku Tengah'),('7203031','7203','Bungku Timur'),('7203040','7203','Bungku Barat'),('7203041','7203','Bumi Raya'),('7203042','7203','Wita Ponda'),('7204010','7204','Pamona Selatan'),('7204011','7204','Pamona Barat'),('7204012','7204','Pamona Tenggara'),('7204020','7204','Lore Selatan'),('7204021','7204','Lore Barat'),('7204030','7204','Pamona Pusalemba'),('7204031','7204','Pamona Timur'),('7204032','7204','Pamona Utara'),('7204040','7204','Lore Utara'),('7204041','7204','Lore Tengah'),('7204042','7204','Lore Timur'),('7204043','7204','Lore Peore'),('7204050','7204','Poso Pesisir'),('7204051','7204','Poso Pesisir Selatan'),('7204052','7204','Poso Pesisir Utara'),('7204060','7204','Lage'),('7204070','7204','Poso Kota'),('7204071','7204','Poso Kota Utara'),('7204072','7204','Poso Kota Selatan'),('7205041','7205','Rio Pakava'),('7205051','7205','Pinembani'),('7205080','7205','Banawa'),('7205081','7205','Banawa Selatan'),('7205082','7205','Banawa Tengah'),('7205090','7205','Labuan'),('7205091','7205','Tanantovea'),('7205100','7205','Sindue'),('7205101','7205','Sindue Tombusabora'),('7205102','7205','Sindue Tobata'),('7205120','7205','Sirenja'),('7205130','7205','Balaesang'),('7205131','7205','Balaesang Tanjung'),('7205140','7205','Dampelas'),('7205160','7205','Sojol'),('7205161','7205','Sojol Utara'),('7206010','7206','Dampal Selatan'),('7206020','7206','Dampal Utara'),('7206030','7206','Dondo'),('7206031','7206','Ogodeide'),('7206032','7206','Basidondo'),('7206040','7206','Baolan'),('7206041','7206','Lampasio'),('7206050','7206','Galang'),('7206060','7206','Tolitoli Utara'),('7206061','7206','Dako Pamean'),('7207010','7207','Lakea'),('7207011','7207','Biau'),('7207012','7207','Karamat'),('7207020','7207','Momunu'),('7207021','7207','Tiloan'),('7207030','7207','Bokat'),('7207031','7207','Bukal'),('7207040','7207','Bunobogu'),('7207041','7207','Gadung'),('7207050','7207','Paleleh'),('7207051','7207','Paleleh Barat'),('7208010','7208','Sausu'),('7208011','7208','Torue'),('7208012','7208','Balinggi'),('7208020','7208','Parigi'),('7208021','7208','Parigi Selatan'),('7208022','7208','Parigi Barat'),('7208023','7208','Parigi Utara'),('7208024','7208','Parigi Tengah'),('7208030','7208','Ampibabo'),('7208031','7208','Kasimbar'),('7208032','7208','Toribulu'),('7208033','7208','Siniu'),('7208040','7208','Tinombo'),('7208041','7208','Tinombo Selatan'),('7208042','7208','Sidoan'),('7208050','7208','Tomini'),('7208051','7208','Mepanga'),('7208052','7208','Palasa'),('7208060','7208','Moutong'),('7208061','7208','Bolano Lambunu'),('7208062','7208','Taopa'),('7208063','7208','Bolano'),('7208064','7208','Ongka Malino'),('7209010','7209','Tojo Barat'),('7209020','7209','Tojo'),('7209030','7209','Ulubongka'),('7209040','7209','Ampana Tete'),('7209050','7209','Ampana Kota'),('7209051','7209','Ratolindo'),('7209060','7209','Una - Una'),('7209061','7209','Batudaka'),('7209070','7209','Togean'),('7209080','7209','Walea Kepulauan'),('7209081','7209','Walea Besar'),('7209082','7209','Talatako'),('7210010','7210','Pipikoro'),('7210020','7210','Kulawi Selatan'),('7210030','7210','Kulawi'),('7210040','7210','Lindu'),('7210050','7210','Nokilalaki'),('7210060','7210','Palolo'),('7210070','7210','Gumbasa'),('7210080','7210','Dolo Selatan'),('7210090','7210','Dolo Barat'),('7210100','7210','Tanambulava'),('7210110','7210','Dolo'),('7210120','7210','Sigi Biromaru'),('7210130','7210','Marawola'),('7210140','7210','Marawola Barat'),('7210150','7210','Kinovaro'),('7211010','7211','Bangkurung'),('7211020','7211','Labobo'),('7211030','7211','Banggai Utara'),('7211040','7211','Banggai'),('7211050','7211','Banggai Tengah'),('7211060','7211','Banggai Selatan'),('7211070','7211','Bokan Kepulauan'),('7212010','7212','Mori Atas'),('7212020','7212','Lembo'),('7212030','7212','Lembo Raya'),('7212040','7212','Petasia Timur'),('7212050','7212','Petasia'),('7212060','7212','Petasia Barat'),('7212070','7212','Mori Utara'),('7212080','7212','Soyo Jaya'),('7212090','7212','Bungku Utara'),('7212100','7212','Mamosalato'),('7271010','7271','Palu Barat'),('7271011','7271','Tatanga'),('7271012','7271','Ulujadi'),('7271020','7271','Palu Selatan'),('7271030','7271','Palu Timur'),('7271031','7271','Mantikulore'),('7271040','7271','Palu Utara'),('7271041','7271','Tawaeli');
/*!40000 ALTER TABLE `kecamatans` ENABLE KEYS */;
UNLOCK TABLES;

--
-- Table structure for table `kegiatans`
--

DROP TABLE IF EXISTS `kegiatans`;
/*!40101 SET @saved_cs_client     = @@character_set_client */;
/*!50503 SET character_set_client = utf8mb4 */;
CREATE TABLE `kegiatans` (
  `id` int NOT NULL AUTO_INCREMENT,
  `programId` int NOT NULL,
  `namaKegiatan` mediumtext NOT NULL,
  `indikatorKinerjaKegiatan` longtext NOT NULL,
  `paguKegiatan` bigint NOT NULL,
  `createdAt` timestamp NULL DEFAULT CURRENT_TIMESTAMP,
  `updatedAt` datetime DEFAULT CURRENT_TIMESTAMP ON UPDATE CURRENT_TIMESTAMP,
  PRIMARY KEY (`id`),
  KEY `programId_idx` (`programId`),
  CONSTRAINT `programId` FOREIGN KEY (`programId`) REFERENCES `programs` (`id`)
) ENGINE=InnoDB AUTO_INCREMENT=5 DEFAULT CHARSET=utf8mb4 COLLATE=utf8mb4_0900_ai_ci;
/*!40101 SET character_set_client = @saved_cs_client */;

--
-- Dumping data for table `kegiatans`
--

LOCK TABLES `kegiatans` WRITE;
/*!40000 ALTER TABLE `kegiatans` DISABLE KEYS */;
INSERT INTO `kegiatans` VALUES (1,1,'Penyelenggaraan Jalan Provinsi','Panjang Jaringan Jalan Provinsi Dalam Kondisi Mantap',0,'2022-12-24 19:35:06','2022-12-25 03:35:06'),(2,2,'Kegiatan Pengelolaan Pendidikan Sekolah Menengah Atas','-',0,'2022-12-24 19:35:06','2022-12-25 03:35:06'),(3,3,'Kegiatan Pengelolaan Pendidikan Sekolah Menengah Kejuruan','-',0,'2022-12-24 19:35:06','2022-12-25 03:35:06'),(4,4,'Kegiatan Pengelolaan Pendidikan Khusus','-',0,'2022-12-24 19:35:06','2022-12-25 03:35:06');
/*!40000 ALTER TABLE `kegiatans` ENABLE KEYS */;
UNLOCK TABLES;

--
-- Table structure for table `kelurahans`
--

DROP TABLE IF EXISTS `kelurahans`;
/*!40101 SET @saved_cs_client     = @@character_set_client */;
/*!50503 SET character_set_client = utf8mb4 */;
CREATE TABLE `kelurahans` (
  `id` varchar(45) NOT NULL,
  `kecamatanId` varchar(45) NOT NULL,
  `nama` varchar(100) NOT NULL,
  PRIMARY KEY (`id`),
  KEY `kecamatanId_idx` (`kecamatanId`),
  CONSTRAINT `kecamatanId` FOREIGN KEY (`kecamatanId`) REFERENCES `kecamatans` (`id`)
) ENGINE=InnoDB DEFAULT CHARSET=utf8mb4 COLLATE=utf8mb4_0900_ai_ci;
/*!40101 SET character_set_client = @saved_cs_client */;

--
-- Dumping data for table `kelurahans`
--

LOCK TABLES `kelurahans` WRITE;
/*!40000 ALTER TABLE `kelurahans` DISABLE KEYS */;
INSERT INTO `kelurahans` VALUES ('7201030007','7201030','Sobonon'),('7201030008','7201030','Bolonan'),('7201030009','7201030','Sakay'),('7201030010','7201030','Sambiut'),('7201030011','7201030','Tone'),('7201030012','7201030','Abason'),('7201030013','7201030','Salangano'),('7201030014','7201030','Batang Babasal'),('7201030015','7201030','Sampaka'),('7201030016','7201030','Lopito'),('7201030017','7201030','Kombutokan'),('7201031001','7201031','Tonuson'),('7201031002','7201031','Tobungku'),('7201031003','7201031','Nulion'),('7201031005','7201031','Kalumbatan'),('7201031006','7201031','Kanali'),('7201031007','7201031','Mata'),('7201031008','7201031','Lobuton'),('7201040009','7201040','Manggalai'),('7201040010','7201040','Ambelang'),('7201040011','7201040','Saiyong'),('7201040012','7201040','Tompudau'),('7201040014','7201040','Baka'),('7201040015','7201040','Bongganan'),('7201040016','7201040','Salakan'),('7201040020','7201040','Kautu'),('7201040021','7201040','Bakalan'),('7201040022','7201040','Bulungkobit'),('7201040023','7201040','Bungin'),('7201041001','7201041','Paisumosoni'),('7201041002','7201041','Tobing'),('7201041003','7201041','Tobungin'),('7201041004','7201041','Mansamat B'),('7201041005','7201041','Mansamat A'),('7201041006','7201041','Kampung Baru'),('7201041007','7201041','Tinangkung'),('7201041008','7201041','Gansal'),('7201041009','7201041','Bobu'),('7201042001','7201042','Palam'),('7201042002','7201042','Luk Sagu'),('7201042003','7201042','Tatakalai'),('7201042004','7201042','Ponding-ponding'),('7201042005','7201042','Lalong'),('7201042006','7201042','Bampanga'),('7201050001','7201050','Mamulusan'),('7201050002','7201050','Kinandal'),('7201050003','7201050','Tomboniki'),('7201050006','7201050','Okumel'),('7201050007','7201050','Popidolon'),('7201050008','7201050','Tangkop'),('7201050009','7201050','Binuntuli'),('7201050010','7201050','Saleati'),('7201050011','7201050','Bajo'),('7201050012','7201050','Liang'),('7201050014','7201050','Balayon'),('7201050015','7201050','Basosol'),('7201050016','7201050','Boyomoute'),('7201050019','7201050','Apal'),('7201050020','7201050','Selekan'),('7201050021','7201050','Loolong'),('7201051001','7201051','Tolulos'),('7201051002','7201051','Popisi'),('7201051003','7201051','Labibi'),('7201051005','7201051','Tombos'),('7201051006','7201051','Alakasing'),('7201051007','7201051','Patukuki'),('7201051008','7201051','Koyobunga'),('7201051009','7201051','Kolak'),('7201051010','7201051','Balombong'),('7201051011','7201051','Tunggaling'),('7201060001','7201060','Tolo'),('7201060002','7201060','Lalanday'),('7201060003','7201060','Montomisan'),('7201060004','7201060','Sosom'),('7201060005','7201060','Alul'),('7201060006','7201060','Bulagi Satu'),('7201060007','7201060','Bulagi Dua'),('7201060008','7201060','Boloy'),('7201060010','7201060','Oluno'),('7201060011','7201060','Sumondung'),('7201060012','7201060','Peling Seasa'),('7201060013','7201060','Komba-komba'),('7201060014','7201060','Kambal'),('7201060015','7201060','Toolon'),('7201060016','7201060','Kayubet'),('7201061001','7201061','Bone Puso'),('7201061002','7201061','Pandaluk'),('7201061003','7201061','Palabatu Dua'),('7201061004','7201061','Tatarandang'),('7201061006','7201061','Osan'),('7201061007','7201061','Balalon'),('7201061008','7201061','Sabelak'),('7201061009','7201061','Suit'),('7201061010','7201061','Toi-toi'),('7201061011','7201061','Lolantang'),('7201061012','7201061','Palabatu Satu'),('7201061013','7201061','Mangais'),('7201061015','7201061','Babang'),('7201061016','7201061','Momotan'),('7201061017','7201061','Labotakandi'),('7201061018','7201061','Alasan Nggolobuton'),('7201061019','7201061','Boluni'),('7201061020','7201061','Pipilogot Paipaisu'),('7201062001','7201062','Bangunemo'),('7201062002','7201062','Paisuluno'),('7201062003','7201062','Montop'),('7201062004','7201062','Bolubung'),('7201062005','7201062','Bakalinga'),('7201062006','7201062','Sambulangan'),('7201062007','7201062','Koyobunga'),('7201062008','7201062','Sabang'),('7201062009','7201062','Ombuli'),('7201062010','7201062','Luk Panenteng'),('7201062011','7201062','Minanga'),('7201062012','7201062','Mandok'),('7201070008','7201070','Paisubatu'),('7201070009','7201070','Batangono'),('7201070010','7201070','Lalengan'),('7201070011','7201070','Peling Lalomo'),('7201070012','7201070','Labasiano'),('7201070013','7201070','Tataba'),('7201070014','7201070','Malanggong'),('7201070015','7201070','Leme-leme Bungin'),('7201070016','7201070','Leme-leme Darat'),('7201070017','7201070','Talas-talas'),('7201070018','7201070','Okulo Potil'),('7201070019','7201070','Olusi'),('7201070020','7201070','Tatendeng'),('7201071001','7201071','Kambani'),('7201071002','7201071','Tatabau'),('7201071003','7201071','Buko'),('7201071004','7201071','Palapat'),('7201071005','7201071','Lumbi-lumbia'),('7201071006','7201071','Labangun'),('7201071007','7201071','Seano'),('7201071008','7201071','Apal'),('7201071009','7201071','Lelang Matamaling'),('7201071010','7201071','Landonan Bebeau'),('7201071011','7201071','Sapelang'),('7202010015','7202010','Tohiti Sari'),('7202010017','7202010','Piondo'),('7202010018','7202010','Bukit Jaya'),('7202010019','7202010','Tolisu'),('7202010020','7202010','Tirta Kencana'),('7202010021','7202010','Tirta Sari'),('7202010022','7202010','Sentral Sari'),('7202010023','7202010','Cendanapura'),('7202010024','7202010','Singkoyo'),('7202010026','7202010','Rusa Kencana'),('7202010037','7202010','Samalore'),('7202010038','7202010','Ue Mea'),('7202010039','7202010','Sindang Baru'),('7202010041','7202010','Mansahang'),('7202010042','7202010','Saribuana'),('7202010043','7202010','Mekar Kencana'),('7202010044','7202010','Marga Kencana'),('7202010045','7202010','Sentral Timur'),('7202010046','7202010','Cendana'),('7202010047','7202010','Jaya Kencana'),('7202010048','7202010','Tanah Abang'),('7202010055','7202010','Mulya Sari'),('7202010056','7202010','Tirta Jaya'),('7202010057','7202010','Sidomukti'),('7202011001','7202011','Lembah Kramat'),('7202011002','7202011','Gunung Kramat'),('7202011003','7202011','Rata'),('7202011004','7202011','Bone Bae'),('7202011005','7202011','Pasir Lamba'),('7202011006','7202011','Mantawa'),('7202011007','7202011','Karya Makmur'),('7202011008','7202011','Makapa'),('7202011009','7202011','Bumi Harapan'),('7202011010','7202011','Bukit Makarti'),('7202011011','7202011','Sindang Sari'),('7202011012','7202011','Kami Wangi'),('7202011013','7202011','Dongin'),('7202011014','7202011','Pandan Wangi'),('7202011015','7202011','Uwelolu'),('7202011016','7202011','Mekar Sari'),('7202011017','7202011','Mekar Jaya'),('7202012001','7202012','Minakarya'),('7202012002','7202012','Minahaki'),('7202012003','7202012','Bumiharjo'),('7202012004','7202012','Sidoharjo'),('7202012005','7202012','Argakencana'),('7202012006','7202012','Mulyoharjo'),('7202012007','7202012','Slametharjo'),('7202012008','7202012','Toili'),('7202012009','7202012','Saluan'),('7202012010','7202012','Moilong'),('7202012011','7202012','Karya Jaya'),('7202012012','7202012','Sumber Harjo'),('7202012013','7202012','Karang Anyar'),('7202012014','7202012','Sidomakmur'),('7202012015','7202012','Argo Mulya'),('7202012016','7202012','Tou'),('7202020008','7202020','Kayowa'),('7202020009','7202020','Nonong'),('7202020010','7202020','Sisipan'),('7202020011','7202020','Ondo-ondolu I'),('7202020012','7202020','Ondo Ondolu'),('7202020013','7202020','Tolando'),('7202020014','7202020','Batui'),('7202020015','7202020','Bugis'),('7202020016','7202020','Balantang'),('7202020017','7202020','Lamo'),('7202020018','7202020','Honbola'),('7202020019','7202020','Uso'),('7202020023','7202020','Bakung'),('7202021001','7202021','Sinorang'),('7202021002','7202021','Sukamaju'),('7202021003','7202021','Maleo Jaya'),('7202021004','7202021','Masungkang'),('7202021005','7202021','Sukamaju I'),('7202021006','7202021','Bone Balantak'),('7202021007','7202021','Masing'),('7202021008','7202021','Gori-gori'),('7202021009','7202021','Paisubololi'),('7202021010','7202021','Ombolu'),('7202030018','7202030','Laonggo'),('7202030020','7202030','Bohotokong'),('7202030021','7202030','Bunta Satu'),('7202030022','7202030','Dondo Soboli'),('7202030030','7202030','Hion'),('7202030031','7202030','Tombongan Ulos'),('7202030032','7202030','Bunta Dua'),('7202030033','7202030','Pongian'),('7202030034','7202030','Nanga-nangaon'),('7202030036','7202030','Toima'),('7202030037','7202030','Matabas'),('7202030038','7202030','Huhak'),('7202030039','7202030','Lontio'),('7202030041','7202030','Balanga'),('7202030042','7202030','Longgolian'),('7202030043','7202030','Salabenda'),('7202030044','7202030','Polo'),('7202030045','7202030','Kalumbangan'),('7202030046','7202030','Demangan Jaya'),('7202030048','7202030','Kalaka'),('7202030049','7202030','Koili'),('7202031001','7202031','Bangketa'),('7202031002','7202031','Tobelombang'),('7202031003','7202031','Balaang'),('7202031004','7202031','Damai Makmur'),('7202031005','7202031','Sumber Agung'),('7202031006','7202031','Jaya Makmur'),('7202031007','7202031','Mantan B'),('7202031008','7202031','Tomeang'),('7202031009','7202031','Pibombo'),('7202031010','7202031','Pakowa Bunta'),('7202031011','7202031','Petak'),('7202031012','7202031','Bolobungkang'),('7202031013','7202031','Saiti'),('7202031014','7202031','Binohu'),('7202031015','7202031','Bella'),('7202031016','7202031','Batu Hitam'),('7202031017','7202031','Kabua Bua'),('7202031018','7202031','Pulodalagan'),('7202031019','7202031','Obok Balingara'),('7202032001','7202032','Sumber Mulya'),('7202032002','7202032','Simpang Dua'),('7202032003','7202032','Simpang Satu'),('7202032004','7202032','Beringin Jaya'),('7202032005','7202032','Mantan A'),('7202032006','7202032','Dowiwi'),('7202032007','7202032','Rantau Jaya'),('7202032008','7202032','Doda Bunta'),('7202032009','7202032','Gonohop'),('7202032010','7202032','Koninis'),('7202032011','7202032','Dwipa Karya'),('7202032012','7202032','Lokait'),('7202040001','7202040','Babang Buyangge'),('7202040002','7202040','Kalolos'),('7202040003','7202040','Tangkiang'),('7202040004','7202040','Padang'),('7202040005','7202040','Manyula'),('7202040006','7202040','Uling'),('7202040007','7202040','Kintom'),('7202040008','7202040','Samadoya'),('7202040009','7202040','Dimpalon'),('7202040010','7202040','Solan'),('7202040011','7202040','Mendono'),('7202040015','7202040','Solan Baru'),('7202040017','7202040','Mondonun'),('7202040019','7202040','Dimpalon Baru'),('7202050008','7202050','Tontouan'),('7202050010','7202050','Baru'),('7202050011','7202050','Soho'),('7202050012','7202050','Bungin'),('7202050013','7202050','Lumpoknyo'),('7202050023','7202050','Karaton'),('7202050026','7202050','Bungin Timur'),('7202050027','7202050','Mangkio Baru'),('7202051001','7202051','Boitan'),('7202051002','7202051','Bantayan'),('7202051003','7202051','Baya'),('7202051004','7202051','Uwedikan'),('7202051005','7202051','Hunduhon'),('7202051006','7202051','Pohi'),('7202051007','7202051','Kayutanyo'),('7202051008','7202051','Lauwon'),('7202051009','7202051','Molino'),('7202051010','7202051','Louk'),('7202051011','7202051','Lontos'),('7202051012','7202051','Indang Sari'),('7202051013','7202051','Bukit Mulya'),('7202052001','7202052','Kilongan'),('7202052002','7202052','Bumi Beringin'),('7202052003','7202052','Boyou'),('7202052004','7202052','Biak'),('7202052005','7202052','Bunga'),('7202052006','7202052','Kamumu'),('7202052007','7202052','Salodik'),('7202052008','7202052','Awu'),('7202052009','7202052','Kilongan Permai'),('7202052011','7202052','Buon Mandiri'),('7202053002','7202053','Maahas'),('7202053003','7202053','Simpong'),('7202053004','7202053','Hanga-hanga'),('7202053005','7202053','Tanjung Tuwis'),('7202053006','7202053','Bukit Mambual'),('7202053007','7202053','Tombang Permai'),('7202053008','7202053','Kompo'),('7202053009','7202053','Jole'),('7202053010','7202053','Hanga-hanga Permai'),('7202054001','7202054','Nambo Padang'),('7202054002','7202054','Nambo Lempek'),('7202054003','7202054','Koyoan'),('7202054004','7202054','Nambo Bosaa'),('7202054005','7202054','Nambo Lempek Baru'),('7202054006','7202054','Koyoan Permai'),('7202054007','7202054','Lontio'),('7202054008','7202054','Lontio Baru'),('7202054009','7202054','Padungnyo'),('7202054010','7202054','Sayambongin'),('7202060001','7202060','Baloa Doda'),('7202060002','7202060','Asaan'),('7202060011','7202060','Pakowa'),('7202060012','7202060','Lamo'),('7202060013','7202060','Nain'),('7202060014','7202060','Pinapuan'),('7202060015','7202060','Sinampangnyo'),('7202060016','7202060','Hohudongan'),('7202060017','7202060','Tongkonunuk'),('7202060018','7202060','Jaya Bakti'),('7202060019','7202060','Pagimana'),('7202060020','7202060','Basabungan'),('7202060021','7202060','Pisou'),('7202060022','7202060','Lambangan'),('7202060023','7202060','Sepak'),('7202060024','7202060','Taloyon'),('7202060025','7202060','Uwedaka'),('7202060026','7202060','Tintingan'),('7202060027','7202060','Bungawon'),('7202060028','7202060','Huhak'),('7202060029','7202060','Poh'),('7202060030','7202060','Toipan'),('7202060031','7202060','Siuna'),('7202060032','7202060','Bajo Poat'),('7202060033','7202060','Balai Gondi'),('7202060034','7202060','Tampe'),('7202060035','7202060','Gomuo'),('7202060037','7202060','Samma Jatem'),('7202060038','7202060','Bondat'),('7202060041','7202060','Ampera'),('7202060043','7202060','Tombang'),('7202060044','7202060','Dongkalan'),('7202061002','7202061','Tikupon'),('7202061003','7202061','Mayayap'),('7202061004','7202061','Sumber Wangi'),('7202061005','7202061','Toiba'),('7202061006','7202061','Lembah Tompotika'),('7202061007','7202061','Longkoga Barat'),('7202061008','7202061','Longkoga Timur'),('7202061009','7202061','Bualemo B'),('7202061010','7202061','Sampaka'),('7202061011','7202061','Bualemo A'),('7202061012','7202061','Malik'),('7202061013','7202061','Binsil K'),('7202061014','7202061','Binsil Padang'),('7202061015','7202061','Bima Karya'),('7202061016','7202061','Taima'),('7202061017','7202061','Nipa Kalemoan'),('7202061018','7202061','Dwi Karya'),('7202061019','7202061','Lembah Makmur'),('7202061020','7202061','Malik Makmur'),('7202061021','7202061','Salipi'),('7202062001','7202062','Bahingin'),('7202062002','7202062','Balean'),('7202062003','7202062','Uha-uhangon'),('7202062004','7202062','Kadodi'),('7202062005','7202062','Niubulan'),('7202062006','7202062','Lobu'),('7202062007','7202062','Bolobungkang'),('7202062008','7202062','Uwedaka-daka'),('7202062009','7202062','Dolom'),('7202062010','7202062','Lambuli'),('7202070009','7202070','Nipa'),('7202070010','7202070','Kagitakan'),('7202070011','7202070','Sirom'),('7202070012','7202070','Poroan'),('7202070013','7202070','Bonebobakal'),('7202070014','7202070','Lomba'),('7202070016','7202070','Baruga'),('7202070017','7202070','Kota Baru'),('7202070020','7202070','Tinonda'),('7202070021','7202070','Labotan'),('7202070023','7202070','Bahari Makmur'),('7202070024','7202070','Kota Raya'),('7202071001','7202071','Tangeban'),('7202071002','7202071','Taugi'),('7202071003','7202071','Kospa Dwata Karya'),('7202071004','7202071','Simpangan'),('7202071006','7202071','Minangandala'),('7202071007','7202071','Purwo Agung'),('7202071008','7202071','Kembang Merta'),('7202071009','7202071','Tompotika Makmur'),('7202071011','7202071','Duata Karya'),('7202071012','7202071','Cemerlang'),('7202071013','7202071','Padangon'),('7202071014','7202071','Ranga-ranga'),('7202072001','7202072','Lonas'),('7202072002','7202072','Boras'),('7202072003','7202072','Sulubombong'),('7202072004','7202072','Bollo'),('7202072005','7202072','Bombanon'),('7202072006','7202072','Binotik'),('7202072007','7202072','Sobol'),('7202072008','7202072','Pondan'),('7202072009','7202072','Garuga'),('7202072010','7202072','Sobol Baru'),('7202080012','7202080','Talima A'),('7202080013','7202080','Talima B'),('7202080014','7202080','Dolom'),('7202080015','7202080','Kiloma'),('7202080016','7202080','Rau'),('7202080017','7202080','Tanotu'),('7202080018','7202080','Padang'),('7202080019','7202080','Mamping'),('7202080020','7202080','Balantak'),('7202080021','7202080','Luok'),('7202080027','7202080','Boloak'),('7202080030','7202080','Dale- Dale'),('7202080031','7202080','Talang Batu'),('7202081001','7202081','Tombos'),('7202081002','7202081','Tintingon'),('7202081003','7202081','Booy'),('7202081005','7202081','Dondo'),('7202081006','7202081','Resarna'),('7202081007','7202081','Giwang'),('7202081008','7202081','Gorontalo'),('7202081009','7202081','Tongke'),('7202081010','7202081','Poyang'),('7202081011','7202081','Tanggawas'),('7202082001','7202082','Kampangar'),('7202082003','7202082','Ondoliang'),('7202082004','7202082','Batusimpang'),('7202082005','7202082','Pangkalaseang'),('7202082006','7202082','Pangkalaseang Baru'),('7202082007','7202082','Kuntang'),('7202082008','7202082','Toweer'),('7202082009','7202082','Batu Mandi'),('7202082010','7202082','Pulau Dua'),('7203010001','7203010','Padei Laut'),('7203010002','7203010','Ulunambo'),('7203010003','7203010','Kofalagadi'),('7203010004','7203010','Torukuno'),('7203010005','7203010','Terebino'),('7203010006','7203010','Ngapaea'),('7203010007','7203010','Morompaitonga'),('7203010008','7203010','Padalaa'),('7203010009','7203010','Padei Darat'),('7203010010','7203010','Masadian'),('7203010011','7203010','Samarengga'),('7203010012','7203010','Pulau Tiga'),('7203010013','7203010','Matano'),('7203010014','7203010','Matarape'),('7203010015','7203010','Buranga'),('7203010016','7203010','Ulunipa'),('7203010017','7203010','Wawongkolono'),('7203010018','7203010','Dongkalang'),('7203010019','7203010','Tanjung Harapan'),('7203010020','7203010','Tafagapi'),('7203010021','7203010','Pulau Tengah'),('7203010022','7203010','Tanjung Tiram'),('7203010023','7203010','Mbokitta'),('7203010024','7203010','Tanona'),('7203020001','7203020','Sainoa'),('7203020002','7203020','Polewali'),('7203020003','7203020','Pulau Dua'),('7203020005','7203020','Jawi Jawi'),('7203020006','7203020','Buton'),('7203020007','7203020','Koburu'),('7203020008','7203020','Bungingkela'),('7203020009','7203020','Lokombulo'),('7203020010','7203020','Paku'),('7203020011','7203020','Bakala'),('7203020012','7203020','Buajangka'),('7203020013','7203020','Kaleroang'),('7203020014','7203020','Waru Waru'),('7203020015','7203020','Padabale'),('7203020016','7203020','Pado Pado'),('7203020017','7203020','Pulau Bapa'),('7203020018','7203020','Lalemo'),('7203020019','7203020','Lamontoli'),('7203020029','7203020','Bungintende'),('7203020030','7203020','Boelimau'),('7203020031','7203020','Panimbawang'),('7203020032','7203020','Po\'o'),('7203020033','7203020','Umbele Lama'),('7203020034','7203020','Pulau Dua Darat'),('7203020035','7203020','Poaro'),('7203021002','7203021','Padabaho'),('7203021003','7203021','Makarti Jaya'),('7203021004','7203021','Labota'),('7203021005','7203021','Fatufia'),('7203021006','7203021','Keurea'),('7203021007','7203021','Bahomakmur'),('7203021008','7203021','Bahodopi'),('7203021009','7203021','Lalampu'),('7203021010','7203021','Siumbatu'),('7203021011','7203021','Dampala'),('7203022001','7203022','Were Ea'),('7203022002','7203022','Sambalagi'),('7203022003','7203022','Laroenai'),('7203022005','7203022','Torete'),('7203022006','7203022','Lafeu'),('7203022007','7203022','Tanda Oleo'),('7203022008','7203022','One Ete'),('7203022009','7203022','Tangofa'),('7203030011','7203030','Puungkoilu'),('7203030012','7203030','Bahontobungku'),('7203030013','7203030','Tofuti'),('7203030014','7203030','Sakita'),('7203030015','7203030','Mendui'),('7203030016','7203030','Tofoiso'),('7203030017','7203030','Marsaoleh'),('7203030018','7203030','Lamberea'),('7203030019','7203030','Bungi'),('7203030020','7203030','Matano'),('7203030021','7203030','Matansala'),('7203030022','7203030','Bahoruru'),('7203030023','7203030','Ipi'),('7203030025','7203030','Bahomohoni'),('7203030026','7203030','Bahomoleo'),('7203030027','7203030','Bahomante'),('7203030028','7203030','Lanona'),('7203030029','7203030','Tudua'),('7203031001','7203031','Onepute Jaya'),('7203031002','7203031','Bahomotefe'),('7203031003','7203031','Bahomoahi'),('7203031005','7203031','Kolono'),('7203031006','7203031','Geresa'),('7203031007','7203031','Laroue'),('7203031008','7203031','Nambo'),('7203031009','7203031','Unsongi'),('7203031010','7203031','Lahuafu'),('7203040001','7203040','Bahoea Reko  Reko'),('7203040002','7203040','Wosu'),('7203040003','7203040','Larobenu'),('7203040004','7203040','Umpanga'),('7203040005','7203040','Tofogaro'),('7203040006','7203040','Tondo'),('7203040007','7203040','Ambunu'),('7203040008','7203040','Marga Mulya'),('7203040009','7203040','Uedago'),('7203040010','7203040','Wata'),('7203041001','7203041','Parilangke'),('7203041002','7203041','Beringin Jaya'),('7203041003','7203041','Bahonsuai'),('7203041004','7203041','Samarenda'),('7203041005','7203041','Atananga'),('7203041006','7203041','Lambelu'),('7203041007','7203041','Limbo Makmur'),('7203041008','7203041','Pebatae'),('7203041009','7203041','Karaupa'),('7203041011','7203041','Harapan Jaya'),('7203041012','7203041','Pebotoa'),('7203041013','7203041','Lasampi'),('7203042001','7203042','Puntari Makmur'),('7203042002','7203042','Sampeantaba'),('7203042003','7203042','Lantula Jaya'),('7203042004','7203042','Bumi Harapan'),('7203042005','7203042','Emea'),('7203042006','7203042','Moahino'),('7203042007','7203042','Ungkaya'),('7203042008','7203042','Solonsa Jaya'),('7203042009','7203042','Solonsa'),('7204010001','7204010','Mayoa'),('7204010002','7204010','Maya Sari'),('7204010013','7204010','Panda Jaya'),('7204010014','7204010','Maya Jaya'),('7204010015','7204010','Pandayora'),('7204010016','7204010','Bangun Jaya'),('7204010017','7204010','Pendolo'),('7204010018','7204010','Boe'),('7204010019','7204010','Bancea'),('7204010020','7204010','Panjo'),('7204010021','7204010','Pasir Putih'),('7204011001','7204011','Taipa'),('7204011002','7204011','Meko'),('7204011003','7204011','Salukaia'),('7204011004','7204011','Uranosari'),('7204011005','7204011','Toinasa'),('7204011006','7204011','Owini'),('7204012001','7204012','Barati'),('7204012002','7204012','Salindu'),('7204012003','7204012','Singkona'),('7204012004','7204012','Tolambo'),('7204012005','7204012','Tindoli'),('7204012006','7204012','Tokilo'),('7204012007','7204012','Korobono'),('7204012008','7204012','Amporiwo'),('7204012009','7204012','Wayura'),('7204020005','7204020','Gintu'),('7204020007','7204020','Badangkaia'),('7204020008','7204020','Bakekau'),('7204020009','7204020','Bulili'),('7204020010','7204020','Bewa'),('7204020011','7204020','Pada'),('7204020014','7204020','Bomba'),('7204021001','7204021','Tuare'),('7204021002','7204021','Tomehipi'),('7204021003','7204021','Kageroa'),('7204021004','7204021','Lengkeka'),('7204021005','7204021','Kolori'),('7204021006','7204021','Lelio'),('7204030002','7204030','Tonusu'),('7204030003','7204030','Mayakeli'),('7204030004','7204030','Buyumpondoli'),('7204030005','7204030','Pamona'),('7204030008','7204030','Tentena'),('7204030009','7204030','Sangele'),('7204030010','7204030','Peura'),('7204030011','7204030','Dulumai'),('7204030030','7204030','Leboni'),('7204030031','7204030','Soe'),('7204030032','7204030','Wera'),('7204031001','7204031','Masewe'),('7204031002','7204031','Pancasila I'),('7204031003','7204031','Olumokunde'),('7204031004','7204031','Kamba'),('7204031005','7204031','Petiro'),('7204031006','7204031','Taripa'),('7204031007','7204031','Tiu'),('7204031008','7204031','Poleganyara'),('7204031009','7204031','Ompo Didiri'),('7204031010','7204031','Kelei'),('7204031011','7204031','Matialemba'),('7204031012','7204031','Kancuu'),('7204031013','7204031','Magapu'),('7204032001','7204032','Petirodongi'),('7204032002','7204032','Tendeadongi'),('7204032003','7204032','Sawidago'),('7204032004','7204032','Saojo'),('7204032005','7204032','Uelincu'),('7204032006','7204032','Sulewana'),('7204032007','7204032','Lena'),('7204032008','7204032','Sangira'),('7204032010','7204032','Panjoka'),('7204040009','7204040','Dodolo'),('7204040017','7204040','Kaduwaa'),('7204040018','7204040','Alitupu'),('7204040019','7204040','Wuasa'),('7204040020','7204040','Watumaeta'),('7204040021','7204040','Sedoa'),('7204040022','7204040','Bumi Banyusari'),('7204041001','7204041','Hanggira'),('7204041003','7204041','Doda'),('7204041004','7204041','Bariri'),('7204041005','7204041','Torire'),('7204041006','7204041','Rompo'),('7204041007','7204041','Baliura'),('7204041008','7204041','Katu'),('7204042001','7204042','Tamadue'),('7204042002','7204042','Maholo'),('7204042003','7204042','Winowanga'),('7204042004','7204042','Mekar Sari'),('7204042005','7204042','Kalemago'),('7204043001','7204043','Talabosa'),('7204043003','7204043','Watutau'),('7204043004','7204043','Siliwanga'),('7204043005','7204043','Wanga'),('7204050001','7204050','Betania'),('7204050002','7204050','Toini'),('7204050003','7204050','Mapane'),('7204050004','7204050','Bega'),('7204050005','7204050','Kasiguncu'),('7204050006','7204050','Masamba'),('7204050007','7204050','Saatu'),('7204050008','7204050','Pinedapa'),('7204050009','7204050','Masani'),('7204050010','7204050','Tokorondo'),('7204050011','7204050','Tiwaa'),('7204050012','7204050','Lanto Jaya'),('7204050013','7204050','Lape'),('7204050014','7204050','Towu'),('7204050015','7204050','Tabalu'),('7204050016','7204050','Ueralulu'),('7204051001','7204051','Sangginora'),('7204051002','7204051','Dewua'),('7204051003','7204051','Malitu'),('7204051004','7204051','Tangkura'),('7204051005','7204051','Patiwunga'),('7204051006','7204051','Padalembara'),('7204051007','7204051','Betalemba'),('7204051008','7204051','Pantangolemba'),('7204051009','7204051','Taunca'),('7204052001','7204052','Kilo'),('7204052002','7204052','Tri Mulya'),('7204052003','7204052','Kawende'),('7204052004','7204052','Kalora'),('7204052005','7204052','Tambarana'),('7204052006','7204052','Bakti Agung'),('7204052007','7204052','Tumora'),('7204052009','7204052','Tobe'),('7204052010','7204052','Maranda'),('7204060001','7204060','Tampemadoro'),('7204060002','7204060','Pandiri'),('7204060003','7204060','Watuawu'),('7204060004','7204060','Tambaro'),('7204060005','7204060','Sintuwulemba'),('7204060006','7204060','Tagolu'),('7204060007','7204060','Maliwuko'),('7204060008','7204060','Silanca'),('7204060010','7204060','Bategencu'),('7204060011','7204060','Toyado'),('7204060012','7204060','Tongko'),('7204060013','7204060','Malei'),('7204060014','7204060','Labuan'),('7204060015','7204060','Ratoombu'),('7204060016','7204060','Labuadago'),('7204070006','7204070','Gebang Rejo'),('7204070007','7204070','Moengko'),('7204070008','7204070','Moengko Baru'),('7204070009','7204070','Kayamanya'),('7204070010','7204070','Gebangrejo Timur'),('7204070011','7204070','Gebangrejo Barat'),('7204070012','7204070','Kayamanya Sentral'),('7204071001','7204071','Bonesompe'),('7204071002','7204071','Kasintuwu'),('7204071003','7204071','Lombugia'),('7204071004','7204071','Lawanga'),('7204071005','7204071','Tegal Rejo'),('7204071006','7204071','Madale'),('7204071007','7204071','Lawanga Tawongan'),('7204072001','7204072','Lembomawo'),('7204072002','7204072','Ranononcu'),('7204072003','7204072','Kawua'),('7204072004','7204072','Bukit Bambu'),('7204072005','7204072','Sayo'),('7205041001','7205041','Towiora'),('7205041002','7205041','Minti Makmur'),('7205041003','7205041','Polanto Jaya'),('7205041004','7205041','Tinauka'),('7205041005','7205041','Lalundu'),('7205041006','7205041','Polando Jaya'),('7205041007','7205041','Rio Mukti'),('7205041008','7205041','Panca Mukti'),('7205041009','7205041','Pantolobete'),('7205041010','7205041','Bonemarawa'),('7205041011','7205041','Pakava'),('7205041012','7205041','Ngovi'),('7205041013','7205041','Bukit Indah'),('7205041014','7205041','Mbulawa'),('7205051001','7205051','Palintuma'),('7205051002','7205051','Gimpubia'),('7205051003','7205051','Bambakanini'),('7205051004','7205051','Dangaraa'),('7205051005','7205051','Tamodo'),('7205051006','7205051','Bambakaenu'),('7205051007','7205051','Karovia'),('7205051008','7205051','Kanagalongga'),('7205051009','7205051','Tavanggeli'),('7205080013','7205080','Loli Oge'),('7205080014','7205080','Loli Tasiburi'),('7205080020','7205080','Kabonga Besar'),('7205080021','7205080','Ganti'),('7205080022','7205080','Gunung Bale'),('7205080023','7205080','Kabonga Kecil'),('7205080024','7205080','Tanjung Batu'),('7205080025','7205080','Maleni'),('7205080026','7205080','Boya'),('7205080027','7205080','Labuan Bajo'),('7205080028','7205080','Boneoge'),('7205080029','7205080','Loli Pesua'),('7205080030','7205080','Loli Dondo'),('7205080031','7205080','Loli Saluran'),('7205081002','7205081','Salumpaku'),('7205081003','7205081','Watatu'),('7205081004','7205081','Surumana'),('7205081005','7205081','Lalombi'),('7205081006','7205081','Bambarimi'),('7205081007','7205081','Tanahmea'),('7205081008','7205081','Salungkaenu'),('7205081009','7205081','Lumbumamara'),('7205081010','7205081','Tolongano'),('7205081011','7205081','Tosale'),('7205081012','7205081','Lumbutarombo'),('7205081013','7205081','Malino'),('7205081014','7205081','Ongulara'),('7205081015','7205081','Lumbulama'),('7205081016','7205081','Salusumpu'),('7205081017','7205081','Sarombaya'),('7205081018','7205081','Lembasada'),('7205081019','7205081','Tanahmpulu'),('7205082001','7205082','Powelua'),('7205082002','7205082','Lumbudolo'),('7205082003','7205082','Salubomba'),('7205082004','7205082','Towale'),('7205082005','7205082','Limboro'),('7205082006','7205082','Kola-kola'),('7205082007','7205082','Mekar Baru'),('7205082008','7205082','Lampo'),('7205090007','7205090','Labuan Lelea'),('7205090008','7205090','Labuan Kungguma'),('7205090009','7205090','Labuan Panimba'),('7205090010','7205090','Labuan'),('7205090011','7205090','Labuan Salumbone'),('7205090012','7205090','Labuan Toposo'),('7205090013','7205090','Labuan Lumbubaka'),('7205091001','7205091','Bale'),('7205091002','7205091','Guntarano'),('7205091003','7205091','Nupa Bomba'),('7205091004','7205091','Wombo'),('7205091005','7205091','Wani I'),('7205091006','7205091','Wani Ii'),('7205091007','7205091','Wombo Panau'),('7205091008','7205091','Wombo Kalonggo'),('7205091009','7205091','Wani Iii'),('7205091010','7205091','Wani Lumbumpetigo'),('7205100001','7205100','Dalaka'),('7205100002','7205100','Lero'),('7205100003','7205100','Toaya'),('7205100004','7205100','Sumari'),('7205100005','7205100','Taripa'),('7205100006','7205100','Masaingi'),('7205100007','7205100','Marana'),('7205100016','7205100','Lero Tatari'),('7205100017','7205100','Toaya Vunta'),('7205100018','7205100','Kumbasa'),('7205100020','7205100','Amal'),('7205100021','7205100','Kavaya'),('7205101001','7205101','Tibo'),('7205101002','7205101','Saloya'),('7205101003','7205101','Kaliburu'),('7205101004','7205101','Batusuya'),('7205101005','7205101','Batusuya Go\'o'),('7205101006','7205101','Kaliburu Kata'),('7205102001','7205102','Tamarenja'),('7205102002','7205102','Oti'),('7205102003','7205102','Alindau'),('7205102004','7205102','Sikara Tobata'),('7205102005','7205102','Sipeso'),('7205102006','7205102','Sindosa'),('7205120001','7205120','Ombo'),('7205120002','7205120','Tondo S'),('7205120003','7205120','Jono Oge'),('7205120004','7205120','Dampal'),('7205120005','7205120','Sipi'),('7205120006','7205120','Tanjung Padang'),('7205120007','7205120','Balentuma'),('7205120008','7205120','Sibado'),('7205120009','7205120','Tompe'),('7205120010','7205120','Lompio'),('7205120012','7205120','Lende Tovea'),('7205120014','7205120','Ujumbou'),('7205130001','7205130','Lombonga'),('7205130008','7205130','Labean'),('7205130009','7205130','Meli'),('7205130010','7205130','Tambu'),('7205130011','7205130','Siweli'),('7205130012','7205130','Sibualong'),('7205130013','7205130','Sibayu'),('7205130015','7205130','Malino'),('7205130016','7205130','Mapane Tambu'),('7205130017','7205130','Tovia Tambu'),('7205130018','7205130','Simagaya'),('7205130019','7205130','Sipure'),('7205130020','7205130','Kampung Baru Sibayu'),('7205131001','7205131','Walandano'),('7205131002','7205131','Malei'),('7205131003','7205131','Kamonji'),('7205131004','7205131','Ketong'),('7205131005','7205131','Manimbaya'),('7205131006','7205131','Rano B'),('7205131007','7205131','Pomolulu'),('7205131008','7205131','Palau'),('7205140001','7205140','Kambayang'),('7205140002','7205140','Budimukti'),('7205140003','7205140','Talaga'),('7205140004','7205140','Sabang'),('7205140005','7205140','Sioyong'),('7205140006','7205140','Karyamukti'),('7205140007','7205140','Panii'),('7205140008','7205140','Ponggerang'),('7205140009','7205140','Malonas'),('7205140010','7205140','Rerang'),('7205140011','7205140','Lemba Mukti'),('7205140012','7205140','Parisan Agung'),('7205140014','7205140','Long'),('7205160001','7205160','Pangalasiang'),('7205160002','7205160','Bukit Harapan'),('7205160003','7205160','Tonggolobibi'),('7205160004','7205160','Samalili'),('7205160005','7205160','Siboang'),('7205160006','7205160','Siwalempu'),('7205160007','7205160','Balukang'),('7205160008','7205160','Bou'),('7205160013','7205160','Balukang Ii'),('7205161001','7205161','Pesik'),('7205161003','7205161','Ogoamas Ii'),('7205161004','7205161','Ogoamas I'),('7205161005','7205161','Bengkoli'),('7206010001','7206010','Kombo'),('7206010002','7206010','Tampiala'),('7206010003','7206010','Soni'),('7206010004','7206010','Bangkir'),('7206010005','7206010','Dongko'),('7206010006','7206010','Mimbala'),('7206010007','7206010','Abbajareng'),('7206010008','7206010','Paddumpu'),('7206010011','7206010','Pallakawe'),('7206010012','7206010','Simuntu'),('7206010013','7206010','Lemba Harapan'),('7206020001','7206020','Kabinuang'),('7206020002','7206020','Ogotua'),('7206020003','7206020','Bambapula'),('7206020004','7206020','Malambigu'),('7206020005','7206020','Tompoh'),('7206020006','7206020','Banagan'),('7206020007','7206020','Simatang Tanjung'),('7206020008','7206020','Simatang Utara'),('7206020010','7206020','Ogolali'),('7206020011','7206020','Balaroa'),('7206020012','7206020','Stadong'),('7206030001','7206030','Luok Manipi'),('7206030002','7206030','Salumbia'),('7206030003','7206030','Bambapun'),('7206030004','7206030','Ogowele'),('7206030005','7206030','Lais'),('7206030006','7206030','Ogogasang'),('7206030007','7206030','Malomba'),('7206030009','7206030','Ogogili'),('7206030010','7206030','Tinabogan'),('7206030011','7206030','Malulu'),('7206030012','7206030','Malala'),('7206030013','7206030','Anggasan'),('7206030014','7206030','Betengon'),('7206030015','7206030','Pangkung'),('7206030016','7206030','Labuo'),('7206030017','7206030','Ogowele Buga'),('7206031001','7206031','Buga'),('7206031002','7206031','Batuilo'),('7206031003','7206031','Bambalaga'),('7206031004','7206031','Kamalu'),('7206031005','7206031','Muara Besar'),('7206031006','7206031','Bilo'),('7206031007','7206031','Pagaitan'),('7206031008','7206031','Labuan Lobo'),('7206031009','7206031','Sambujan'),('7206031010','7206031','Pulias'),('7206031011','7206031','Kabetan'),('7206032001','7206032','Labonu'),('7206032002','7206032','Sibaluton'),('7206032003','7206032','Kayulompa'),('7206032004','7206032','Silondou'),('7206032005','7206032','Kinapasan'),('7206032006','7206032','Ogosipat'),('7206032007','7206032','Konkomos'),('7206032008','7206032','Galandau'),('7206032009','7206032','Marisa'),('7206032010','7206032','Basi'),('7206040012','7206040','Dadakitan'),('7206040014','7206040','Panasakan'),('7206040015','7206040','Sidoarjo'),('7206040016','7206040','Baru'),('7206040017','7206040','Nalu'),('7206040018','7206040','Tambun'),('7206040019','7206040','Buntuna'),('7206040020','7206040','Lelean Nono'),('7206040021','7206040','Pangi'),('7206041001','7206041','Janja'),('7206041002','7206041','Maibua'),('7206041003','7206041','Sibea'),('7206041004','7206041','Muliasari'),('7206041005','7206041','Oyom'),('7206041006','7206041','Salugan'),('7206041007','7206041','Lampasio'),('7206041008','7206041','Tinading'),('7206041009','7206041','Ogomatanang'),('7206050001','7206050','Ogomoli'),('7206050002','7206050','Sandana'),('7206050003','7206050','Kalangkangan'),('7206050004','7206050','Lantapan'),('7206050005','7206050','Lakatan'),('7206050006','7206050','Tinigi'),('7206050007','7206050','Ginunggung'),('7206050008','7206050','Lalos'),('7206050010','7206050','Sabang'),('7206050011','7206050','Bajugan'),('7206050012','7206050','Aung'),('7206050013','7206050','Malangga'),('7206050014','7206050','Kinapasan'),('7206060005','7206060','Santigi'),('7206060006','7206060','Laulalang'),('7206060007','7206060','Salumpaga'),('7206060008','7206060','Diule'),('7206060009','7206060','Pinjan'),('7206060010','7206060','Binontoan'),('7206060011','7206060','Lakuan Tolitoli'),('7206060012','7206060','Teluk Jaya'),('7206060013','7206060','Timbolo'),('7206060014','7206060','Gio'),('7206061001','7206061','Galumpang'),('7206061002','7206061','Dungingis'),('7206061003','7206061','Kapas'),('7206061004','7206061','Lingadan'),('7207010009','7207010','Tuinan'),('7207010010','7207010','Lakea Ii'),('7207010011','7207010','Lakea 1'),('7207010012','7207010','Lakuan Buol'),('7207010017','7207010','Bukaan'),('7207010018','7207010','Ilambe'),('7207011001','7207011','Bugis'),('7207011002','7207011','Kulango'),('7207011003','7207011','Buol'),('7207011004','7207011','Kali'),('7207011005','7207011','Leok Ii'),('7207011006','7207011','Leok 1'),('7207011007','7207011','Kumaligon'),('7207012001','7207012','Lamakan'),('7207012002','7207012','Busak Ii'),('7207012003','7207012','Busak I'),('7207012004','7207012','Monano'),('7207012005','7207012','Baruga'),('7207012006','7207012','Mendaan'),('7207012007','7207012','Mokupo'),('7207020006','7207020','Momunu'),('7207020007','7207020','Taluan'),('7207020008','7207020','Pinamula'),('7207020009','7207020','Pujimulyo'),('7207020010','7207020','Potugu'),('7207020011','7207020','Tongon'),('7207020012','7207020','Panimbul'),('7207020013','7207020','Pomayagon'),('7207020014','7207020','Guamonial'),('7207020015','7207020','Lamadong 2'),('7207020016','7207020','Lamadong 1'),('7207020017','7207020','Pajeko'),('7207020018','7207020','Suraya'),('7207020019','7207020','Wakat'),('7207020021','7207020','Mangubi'),('7207020022','7207020','Pinamula Baru'),('7207021001','7207021','Jatimulyo'),('7207021002','7207021','Panilan Jaya'),('7207021003','7207021','Kokobuka'),('7207021004','7207021','Airterang'),('7207021005','7207021','Boilan'),('7207021006','7207021','Lomuli'),('7207021007','7207021','Balau'),('7207021008','7207021','Maniala'),('7207021009','7207021','Monggonit'),('7207030006','7207030','Poongan'),('7207030007','7207030','Tayadun'),('7207030008','7207030','Bongo'),('7207030009','7207030','Bokat Iv'),('7207030010','7207030','Doulan'),('7207030015','7207030','Kodolagon'),('7207030016','7207030','Bokat'),('7207030017','7207030','Kantanan'),('7207030018','7207030','Negeri Lama'),('7207030019','7207030','Tikopo'),('7207030020','7207030','Duwamayo'),('7207030021','7207030','Butukan'),('7207030022','7207030','Tang'),('7207030023','7207030','Bukamog'),('7207030024','7207030','Langudon'),('7207031001','7207031','Unone'),('7207031002','7207031','Winangun'),('7207031003','7207031','Rantemaranu'),('7207031004','7207031','Modo'),('7207031005','7207031','Mopu'),('7207031006','7207031','Potangoan'),('7207031007','7207031','Diat'),('7207031008','7207031','Biau'),('7207031011','7207031','Mooyong'),('7207031012','7207031','Binuang'),('7207031013','7207031','Bukal'),('7207031014','7207031','Mulat'),('7207040001','7207040','Lonu'),('7207040002','7207040','Bunobogu'),('7207040003','7207040','Tamit'),('7207040005','7207040','Konamukan'),('7207040006','7207040','Ponipingan'),('7207040007','7207040','Inalatan'),('7207040013','7207040','Botugolu'),('7207040014','7207040','Domag Mekar'),('7207040015','7207040','Pokobo'),('7207040016','7207040','Bunobogu Selatan'),('7207041001','7207041','Diapatih'),('7207041002','7207041','Bulagidun'),('7207041003','7207041','Labuton'),('7207041004','7207041','Lokodoka'),('7207041005','7207041','Taat'),('7207041006','7207041','Matinan'),('7207041007','7207041','Lokodidi'),('7207041008','7207041','Lipubogu'),('7207041009','7207041','Nandu'),('7207041010','7207041','Bulagidun Tanjung'),('7207041011','7207041','Pandangan'),('7207050005','7207050','Lintidu'),('7207050006','7207050','Paleleh'),('7207050007','7207050','Tolau'),('7207050008','7207050','Kuala Besar'),('7207050009','7207050','Batu Rata'),('7207050010','7207050','Talaki'),('7207050011','7207050','Lilito'),('7207050012','7207050','Pionoto'),('7207050013','7207050','Mulangato'),('7207050015','7207050','Dopalak'),('7207050017','7207050','Dutuno'),('7207051001','7207051','Bodi'),('7207051002','7207051','Tayokan'),('7207051003','7207051','Harmoni'),('7207051004','7207051','Lunguto'),('7207051005','7207051','Timbulon'),('7207051006','7207051','Oyak'),('7207051007','7207051','Hulubalang'),('7208010001','7208010','Maleyali'),('7208010002','7208010','Sausu Piore'),('7208010003','7208010','Sausu Torono'),('7208010004','7208010','Sausu Trans'),('7208010013','7208010','Pakareme'),('7208010014','7208010','Sausu Gandasari'),('7208010016','7208010','Sausu Salubanga'),('7208010017','7208010','Taliabo'),('7208010018','7208010','Sausu Tambu'),('7208010019','7208010','Sausu Auma'),('7208011001','7208011','Tolai'),('7208011002','7208011','Purwosari'),('7208011003','7208011','Torue'),('7208011004','7208011','Astina'),('7208011005','7208011','Tanah Lanto'),('7208011006','7208011','Tolai Barat'),('7208011007','7208011','Tolai Timur'),('7208012001','7208012','Suli'),('7208012002','7208012','Malakosa'),('7208012003','7208012','Balinggi'),('7208012004','7208012','Balinggi Jati'),('7208012005','7208012','Suli Indah'),('7208012006','7208012','Beraban'),('7208012007','7208012','Lebagu'),('7208012008','7208012','Tumpapa Indah'),('7208012009','7208012','Catur Karya'),('7208020008','7208020','Olaya'),('7208020011','7208020','Pombalowo'),('7208020012','7208020','Mertasari'),('7208020013','7208020','Maesa'),('7208020014','7208020','Loji'),('7208020015','7208020','Masigi'),('7208020016','7208020','Bantaya'),('7208020017','7208020','Kampal'),('7208020019','7208020','Bambalemo'),('7208020020','7208020','Lebo'),('7208020021','7208020','Bambalemo Ranomaisi'),('7208021001','7208021','Tindaki'),('7208021002','7208021','Nambaru'),('7208021003','7208021','Sumber Sari'),('7208021004','7208021','Masari'),('7208021005','7208021','Dolago'),('7208021006','7208021','Lemusa'),('7208021007','7208021','Boyantongo'),('7208021008','7208021','Olobaru'),('7208021009','7208021','Gangga'),('7208021010','7208021','Dolago Padang'),('7208022001','7208022','Kayuboko'),('7208022002','7208022','Parigimpuu'),('7208022003','7208022','Baliara'),('7208022004','7208022','Air Panas'),('7208022005','7208022','Jonokalora'),('7208022006','7208022','Lobu Mandiri'),('7208023004','7208023','Pangi'),('7208023005','7208023','Toboli'),('7208023007','7208023','Avolua'),('7208023009','7208023','Toboli Barat'),('7208023010','7208023','Sakinah Jaya'),('7208024001','7208024','Petapa'),('7208024002','7208024','Binangga'),('7208024003','7208024','Pelawa'),('7208024004','7208024','Matolele'),('7208024005','7208024','Pelawa Baru'),('7208024006','7208024','Jononunu'),('7208030005','7208030','Tolole'),('7208030006','7208030','Toga'),('7208030007','7208030','Sidole'),('7208030008','7208030','Paranggi'),('7208030009','7208030','Ampibabo'),('7208030010','7208030','Lemo'),('7208030011','7208030','Buranga'),('7208030012','7208030','Tanampedagi'),('7208030013','7208030','Tombi'),('7208030015','7208030','Ampibabo Utara'),('7208030016','7208030','Ogolugus'),('7208030017','7208030','Lemo Utara'),('7208030018','7208030','Sidole Barat'),('7208030019','7208030','Aloo'),('7208030020','7208030','Ampibabo Timur'),('7208030021','7208030','Tolole Raya'),('7208030022','7208030','Sidole Timur'),('7208030023','7208030','Lemo Tengah'),('7208030024','7208030','Pangku'),('7208031001','7208031','Donggulu'),('7208031002','7208031','Laemanta'),('7208031003','7208031','Kasimbar'),('7208031004','7208031','Posona'),('7208031005','7208031','Kasimbar Selatan'),('7208031006','7208031','Kasimbar Barat'),('7208031007','7208031','Silampayang'),('7208031008','7208031','Tovalo'),('7208031009','7208031','Donggulu Selatan'),('7208031010','7208031','Labuhan Donggulu'),('7208031011','7208031','Kasimbar Palapi'),('7208031012','7208031','Peningka'),('7208031013','7208031','Laemanta Utara'),('7208031014','7208031','Kasimbar Utara'),('7208031015','7208031','Posona Atas'),('7208031016','7208031','Ogodopi Kasimbar'),('7208031017','7208031','Sendana'),('7208031018','7208031','Sumber Tani'),('7208032001','7208032','Tomoli'),('7208032002','7208032','Singura'),('7208032003','7208032','Toribulu'),('7208032004','7208032','Sienjo'),('7208032005','7208032','Pinotu'),('7208032006','7208032','Tomoli Selatan'),('7208032007','7208032','Sibalago'),('7208032008','7208032','Tomoli Utara'),('7208032009','7208032','Toribulu Selatan'),('7208033001','7208033','Marantale'),('7208033002','7208033','Tandaigi'),('7208033003','7208033','Silanga'),('7208033004','7208033','Siniu'),('7208033005','7208033','Towera'),('7208033006','7208033','Toraranga'),('7208033007','7208033','Uevolo'),('7208033008','7208033','Siniu Sayogindano'),('7208033009','7208033','Silanga Barat'),('7208040008','7208040','Bainaa'),('7208040009','7208040','Dongkas'),('7208040010','7208040','Tinombo'),('7208040011','7208040','Lombok'),('7208040012','7208040','Dusunan'),('7208040013','7208040','Tibu'),('7208040017','7208040','Bainaa Barat'),('7208040019','7208040','Ogoalas'),('7208040020','7208040','Lombok Barat'),('7208040025','7208040','Silabia'),('7208040026','7208040','Siavu'),('7208040027','7208040','Ambason Mekar'),('7208040028','7208040','Patingke'),('7208040029','7208040','Dusunan Barat'),('7208040030','7208040','Taipaobal'),('7208041001','7208041','Tada'),('7208041002','7208041','Sinei'),('7208041003','7208041','Maninili'),('7208041004','7208041','Sigenti'),('7208041005','7208041','Malanggo'),('7208041006','7208041','Silutung'),('7208041007','7208041','Tada Selatan'),('7208041008','7208041','Siaga'),('7208041009','7208041','Sigega Bersehati'),('7208041010','7208041','Khatulistiwa'),('7208041011','7208041','Poly'),('7208041012','7208041','Sigenti Selatan'),('7208041013','7208041','Tada Timur'),('7208041014','7208041','Sigenti Barat'),('7208041015','7208041','Malanggo Pesisir'),('7208041016','7208041','Tada Utara'),('7208041017','7208041','Siney Tengah'),('7208041018','7208041','Maninili Utara'),('7208041019','7208041','Maninili Barat'),('7208041020','7208041','Oncone Raya'),('7208042001','7208042','Lado'),('7208042002','7208042','Sipayo'),('7208042003','7208042','Bondoyong'),('7208042004','7208042','Sidoan Selatan'),('7208042005','7208042','Sidoan Timur'),('7208042006','7208042','Sidoan'),('7208042007','7208042','Sidoan Barat'),('7208042008','7208042','Ogobagis'),('7208042009','7208042','Muara Jaya'),('7208042010','7208042','Bainaa Selatan'),('7208042011','7208042','Sintuvu Raya'),('7208050007','7208050','Tingkulang'),('7208050008','7208050','Tomini'),('7208050009','7208050','Ogotumubu'),('7208050010','7208050','Ambesia'),('7208050011','7208050','Tilung'),('7208050013','7208050','Biga'),('7208050014','7208050','Tomini Utara'),('7208050015','7208050','Tomini Barat'),('7208050016','7208050','Ambesia Selatan'),('7208050017','7208050','Supilopong'),('7208050018','7208050','Ambesia Barat'),('7208050019','7208050','Ogotumubu Barat'),('7208050020','7208050','Sipontan'),('7208050021','7208050','Taaniuge'),('7208051001','7208051','Mepanga'),('7208051003','7208051','Kotaraya'),('7208051004','7208051','Kayu Agung'),('7208051005','7208051','Bugis'),('7208051006','7208051','Ogotion'),('7208051007','7208051','Sumber Agung'),('7208051008','7208051','Moubang'),('7208051009','7208051','Ogobayas'),('7208051010','7208051','Kotaraya Timur'),('7208051011','7208051','Malalan'),('7208051012','7208051','Kotaraya Selatan'),('7208051013','7208051','Maranti'),('7208051014','7208051','Kotaraya Barat'),('7208051015','7208051','Ogomolos'),('7208051016','7208051','Bugis Utara'),('7208051017','7208051','Gurinda'),('7208051018','7208051','Kotaraya Tenggara'),('7208052001','7208052','Bobalo'),('7208052002','7208052','Eeya'),('7208052003','7208052','Ulatan'),('7208052004','7208052','Palasa Tangki'),('7208052005','7208052','Palasa'),('7208052006','7208052','Palasa Lambori'),('7208052007','7208052','Dongkalan'),('7208052008','7208052','Pebo Unang'),('7208052009','7208052','Bambasiang'),('7208052010','7208052','Beau'),('7208052011','7208052','Ogoansam'),('7208060001','7208060','Moutong Timur'),('7208060002','7208060','Moutong Tengah'),('7208060003','7208060','Moutong Barat'),('7208060004','7208060','Tuladenggi Pantai'),('7208060006','7208060','Gio'),('7208060023','7208060','Lobu'),('7208060024','7208060','Pandelalap'),('7208060025','7208060','Sejoli'),('7208060026','7208060','Boloung Olonggata'),('7208060027','7208060','Salumpengut'),('7208060028','7208060','Aedan Raya'),('7208060029','7208060','Labuan'),('7208060030','7208060','Salepae'),('7208060031','7208060','Moutong Utara'),('7208060032','7208060','Pande'),('7208060033','7208060','Olonggata'),('7208060034','7208060','Mbelang-mbelang'),('7208060035','7208060','Gio Timur'),('7208060036','7208060','Gio Barat'),('7208060037','7208060','Sialopa'),('7208061001','7208061','Wanagading'),('7208061002','7208061','Lambunu'),('7208061003','7208061','Kotanagaya'),('7208061004','7208061','Margapura'),('7208061005','7208061','Petuna Sugi'),('7208061016','7208061','Gunungsari'),('7208061017','7208061','Siendeng'),('7208061018','7208061','Lambunu Utara'),('7208061031','7208061','Tirtanagaya'),('7208061033','7208061','Anutapura'),('7208061035','7208061','Lambunu Timur'),('7208061036','7208061','Bukit Makmur'),('7208061037','7208061','Ganongol Sari'),('7208061038','7208061','Ogorandu'),('7208062001','7208062','Tuladenggi Sibatang'),('7208062002','7208062','Taopa'),('7208062003','7208062','Palapi'),('7208062004','7208062','Nunurantai'),('7208062005','7208062','Karya Agung'),('7208062006','7208062','Tompo'),('7208062007','7208062','Taopa Utara'),('7208062008','7208062','Taopa Barat'),('7208062009','7208062','Paria'),('7208062010','7208062','Bilalea'),('7208062011','7208062','Karya Abadi'),('7208063001','7208063','Wanamukti'),('7208063002','7208063','Sritabaang'),('7208063003','7208063','Beringin Jaya'),('7208063004','7208063','Bajo'),('7208063005','7208063','Bolano'),('7208063006','7208063','Lembah Bomban'),('7208063007','7208063','Bolano Barat'),('7208063008','7208063','Wanamukti Utara'),('7208063009','7208063','Bolano Tengah'),('7208063010','7208063','Bolano Utara'),('7208063011','7208063','Sidomukti'),('7208063012','7208063','Wanamukti Barat'),('7208063013','7208063','Sama Bahari'),('7208064001','7208064','Ongka'),('7208064002','7208064','Malino'),('7208064003','7208064','Tinombala'),('7208064004','7208064','Persatuan Sejati'),('7208064005','7208064','Santigi'),('7208064006','7208064','Tabolobolo'),('7208064007','7208064','Karya Mandiri'),('7208064008','7208064','Kayu Jati'),('7208064009','7208064','Bosagon Jaya'),('7208064010','7208064','Lambanau'),('7208064011','7208064','Tinombala Jaya'),('7208064012','7208064','Persatuan Utara'),('7208064013','7208064','Ongka Trimuspasari'),('7208064014','7208064','Tinombala Sejati'),('7208064015','7208064','Tinombala Barat'),('7208064016','7208064','Padaelo'),('7208064017','7208064','Ongka Persatuan'),('7209010001','7209010','Malei Tojo'),('7209010002','7209010','Matako'),('7209010003','7209010','Bambalo'),('7209010004','7209010','Galuga'),('7209010005','7209010','Toliba'),('7209010006','7209010','Ujung Tibu'),('7209010007','7209010','Nggawia'),('7209010008','7209010','Tombiano'),('7209010009','7209010','Tatari'),('7209010010','7209010','Kabalo'),('7209010011','7209010','Tanamawau'),('7209010012','7209010','Malewa'),('7209010013','7209010','Mawomba'),('7209020014','7209020','Lemoro'),('7209020015','7209020','Tayawa'),('7209020016','7209020','Korondoda'),('7209020017','7209020','Dataran Bugi'),('7209020018','7209020','Uekuli'),('7209020019','7209020','Betaua'),('7209020021','7209020','Sandada'),('7209020022','7209020','Tojo'),('7209020023','7209020','Pancuma'),('7209020024','7209020','Tongku'),('7209020025','7209020','Podi'),('7209020027','7209020','Bahari'),('7209020028','7209020','Banano'),('7209020030','7209020','Buyuntaripa'),('7209020031','7209020','Kalemba'),('7209030001','7209030','Mire'),('7209030002','7209030','Uematopa'),('7209030003','7209030','Paranonge'),('7209030004','7209030','Takibangke'),('7209030005','7209030','Bonebae I'),('7209030006','7209030','Watusongu'),('7209030007','7209030','Uekambuno'),('7209030008','7209030','Borneang'),('7209030009','7209030','Bongka Makmur'),('7209030010','7209030','Rompi'),('7209030011','7209030','Tobamawu'),('7209030012','7209030','Bonebae Ii'),('7209030013','7209030','Tampanombo'),('7209030014','7209030','Marowo'),('7209030015','7209030','Bongkakoi'),('7209030016','7209030','Cempa'),('7209030017','7209030','Bonevoto'),('7209030018','7209030','Kasiala'),('7209040001','7209040','Pusungi'),('7209040003','7209040','Tete-a'),('7209040004','7209040','Uebone'),('7209040005','7209040','Mantangisi'),('7209040006','7209040','Bantuga'),('7209040007','7209040','Urundaka'),('7209040008','7209040','Borone'),('7209040009','7209040','Balanggala'),('7209040010','7209040','Tampabatu'),('7209040011','7209040','Sabo'),('7209040012','7209040','Longge'),('7209040013','7209040','Balingara'),('7209040014','7209040','Bulan Jaya'),('7209040015','7209040','Giri Mulyo'),('7209040016','7209040','Wana Sari'),('7209040017','7209040','Kajulangko'),('7209040018','7209040','Uemakuni'),('7209040019','7209040','Mpoa'),('7209040020','7209040','Sukamaju'),('7209040021','7209040','Upt Balingara'),('7209050001','7209050','Sansarino'),('7209050002','7209050','Malotong'),('7209050003','7209050','Bailo'),('7209050004','7209050','Ampana'),('7209050010','7209050','Padang Tumbuo'),('7209050012','7209050','Buntongi'),('7209050013','7209050','Bonerato'),('7209050014','7209050','Bailo Baru'),('7209050015','7209050','Labiabae'),('7209050017','7209050','Saluaba'),('7209051005','7209051','Uentanaga Atas'),('7209051006','7209051','Sumoli'),('7209051007','7209051','Uentanaga Bawah'),('7209051008','7209051','Dondo'),('7209051009','7209051','Labuan'),('7209051011','7209051','Sabulira Toba'),('7209051016','7209051','Uemalingku'),('7209051018','7209051','Patingko'),('7209051019','7209051','Muara Toba'),('7209051020','7209051','Dondo Barat'),('7209060005','7209060','Taningkola'),('7209060006','7209060','Bambu'),('7209060007','7209060','Una Una'),('7209060008','7209060','Lembanya'),('7209060009','7209060','Wakai'),('7209060010','7209060','Tanjung Pude'),('7209060015','7209060','Kavetan'),('7209060016','7209060','Luangon'),('7209060017','7209060','Binanguna'),('7209060018','7209060','Cendana'),('7209060019','7209060','Tanimpo'),('7209061001','7209061','Kulingkinari'),('7209061002','7209061','Molowagu'),('7209061003','7209061','Bomba'),('7209061004','7209061','Tumbulawa'),('7209061009','7209061','Patoyan'),('7209061011','7209061','Malino'),('7209061012','7209061','Siatu'),('7209061013','7209061','Kambutu'),('7209061014','7209061','Lindo'),('7209070001','7209070','Kololio'),('7209070002','7209070','Awo'),('7209070004','7209070','Lebiti'),('7209070005','7209070','Pulau Enam'),('7209070006','7209070','Bungayo'),('7209070008','7209070','Bangkagi'),('7209070009','7209070','Tongkabo'),('7209070010','7209070','Katupat'),('7209070011','7209070','Lembanato'),('7209070012','7209070','Tobil'),('7209070013','7209070','Baulu'),('7209070014','7209070','Matobiyai'),('7209070015','7209070','Sampobae'),('7209070016','7209070','Titiria Popolion'),('7209080006','7209080','Tiga Pulau'),('7209080007','7209080','Luok'),('7209080008','7209080','Popolii'),('7209080009','7209080','Dolong B'),('7209080011','7209080','Dolong A'),('7209080012','7209080','Olilan'),('7209080013','7209080','Kolami'),('7209080015','7209080','Loe'),('7209081001','7209081','Salinggoha'),('7209081002','7209081','Malapo'),('7209081003','7209081','Pasokan'),('7209081004','7209081','Katogop'),('7209081005','7209081','Kondongan'),('7209081006','7209081','Biga'),('7209081007','7209081','Tingki'),('7209081008','7209081','Tongidon'),('7209082001','7209082','Kabalutan'),('7209082002','7209082','Pautu'),('7209082003','7209082','Kalia'),('7209082004','7209082','Tumotok'),('7209082005','7209082','Malenge'),('7209082014','7209082','Kadoda'),('7210010001','7210010','Kalamanta'),('7210010002','7210010','Mamu'),('7210010003','7210010','Banasu'),('7210010004','7210010','Mapahi'),('7210010005','7210010','Peana'),('7210010006','7210010','Morui'),('7210010007','7210010','Kantewu'),('7210010008','7210010','Lawe'),('7210010009','7210010','Lone Basa'),('7210010010','7210010','Onu'),('7210010011','7210010','Koja'),('7210010012','7210010','Kantewu Ii'),('7210010013','7210010','Porelea'),('7210010014','7210010','Masewo'),('7210010015','7210010','Tuwo Tanijaya'),('7210010016','7210010','Pelempea'),('7210010017','7210010','Puloroa'),('7210010018','7210010','Morui Ii'),('7210010019','7210010','Porelea Ii'),('7210020001','7210020','Moa'),('7210020002','7210020','Pili Makujawa'),('7210020003','7210020','Lempelero'),('7210020004','7210020','Gimpu'),('7210020005','7210020','Tomua'),('7210020006','7210020','Tompi Bugis'),('7210020007','7210020','Lawua'),('7210020008','7210020','Watukilo'),('7210020009','7210020','Salutome'),('7210020010','7210020','O\'o'),('7210020011','7210020','Palamaki'),('7210020012','7210020','Wangka'),('7210030001','7210030','Siwongi'),('7210030002','7210030','Banggaiba'),('7210030003','7210030','Rantewulu'),('7210030004','7210030','Towulu'),('7210030005','7210030','Winatu'),('7210030006','7210030','Lonca'),('7210030007','7210030','Boladangko'),('7210030008','7210030','Tangkulowi'),('7210030009','7210030','Salua'),('7210030010','7210030','Namo'),('7210030011','7210030','Bolapapu'),('7210030013','7210030','Mataue'),('7210030014','7210030','Toro'),('7210030015','7210030','Poleroa Makuhi'),('7210030016','7210030','Marena'),('7210040001','7210040','Puro\'o'),('7210040002','7210040','Langko'),('7210040003','7210040','Tomado'),('7210040004','7210040','Anca'),('7210040005','7210040','Olu'),('7210050001','7210050','Kamarora B'),('7210050002','7210050','Kamarora A'),('7210050003','7210050','Kadidia'),('7210050004','7210050','Sopu'),('7210050005','7210050','Bulili'),('7210060001','7210060','Lemban Tongoa'),('7210060002','7210060','Uenuni'),('7210060003','7210060','Tongoa'),('7210060004','7210060','Bahagia'),('7210060005','7210060','Rahmat'),('7210060006','7210060','Sejahtera'),('7210060007','7210060','Sintuwu'),('7210060008','7210060','Ranteleda'),('7210060009','7210060','Tanah Harapan'),('7210060010','7210060','Berdikari'),('7210060011','7210060','Rejeki'),('7210060012','7210060','Ampera'),('7210060013','7210060','Makmur'),('7210060014','7210060','Petimbe'),('7210060015','7210060','Kapiroe'),('7210060016','7210060','Bunga'),('7210060017','7210060','Bobo'),('7210060018','7210060','Baku-bakulu'),('7210060019','7210060','Sigimpu'),('7210060020','7210060','Karunia'),('7210060021','7210060','Ue Rani'),('7210060022','7210060','Sarumana'),('7210070001','7210070','Tuwa'),('7210070002','7210070','Omu'),('7210070003','7210070','Simoro'),('7210070004','7210070','Pakuli'),('7210070005','7210070','Pandere'),('7210070006','7210070','Kalawara'),('7210070007','7210070','Pakuli Utara'),('7210080001','7210080','Bangga'),('7210080002','7210080','Walatana'),('7210080004','7210080','Baluase'),('7210080005','7210080','Rogo'),('7210080007','7210080','Balongga'),('7210080008','7210080','Wisolo'),('7210080009','7210080','Sambo'),('7210080010','7210080','Jono'),('7210080011','7210080','Poi'),('7210080012','7210080','Ramba'),('7210090001','7210090','Bobo'),('7210090002','7210090','Mantikole'),('7210090003','7210090','Pesaku'),('7210090004','7210090','Balomoa'),('7210090005','7210090','Rarampadende'),('7210090006','7210090','Balumpewa'),('7210090007','7210090','Kaleke'),('7210090009','7210090','Kalungkutinggu'),('7210090010','7210090','Sibonu'),('7210090012','7210090','Balaroa Pewunu'),('7210100001','7210100','Lambara'),('7210100002','7210100','Sibalaya Selatan'),('7210100003','7210100','Sibalaya Utara'),('7210100004','7210100','Sibowi'),('7210100005','7210100','Sibalaya Barat'),('7210110001','7210110','Waturalele'),('7210110002','7210110','Watubula'),('7210110003','7210110','Tulo'),('7210110004','7210110','Soulowe'),('7210110005','7210110','Karawana'),('7210110006','7210110','Kota Pulu'),('7210110007','7210110','Langaleso'),('7210110008','7210110','Kotarindau'),('7210110009','7210110','Maku'),('7210110010','7210110','Potoya'),('7210110011','7210110','Kabobona'),('7210120001','7210120','Sidondo Ii'),('7210120002','7210120','Sidondo I'),('7210120003','7210120','Maranata'),('7210120004','7210120','Bora'),('7210120005','7210120','Watunonju'),('7210120006','7210120','Oloboju'),('7210120007','7210120','Soulowe'),('7210120008','7210120','Sidera'),('7210120009','7210120','Jono Oge'),('7210120010','7210120','Pombewe'),('7210120011','7210120','Lolu'),('7210120012','7210120','Kalukubula'),('7210120013','7210120','Mpanau'),('7210120014','7210120','Loru'),('7210120015','7210120','Ngatabaru'),('7210120016','7210120','Sidondo Iii'),('7210120017','7210120','Sidondo Iv'),('7210120018','7210120','Upt Lembah Palu'),('7210130001','7210130','Lebanu'),('7210130002','7210130','Bomba'),('7210130003','7210130','Beka'),('7210130004','7210130','Sibedi'),('7210130005','7210130','Padende'),('7210130006','7210130','Binangga'),('7210130008','7210130','Tinggede'),('7210130009','7210130','Baliase'),('7210130010','7210130','Boyabaliase'),('7210130011','7210130','Tinggede Selatan'),('7210140001','7210140','Panesibaja'),('7210140002','7210140','Wiapore'),('7210140003','7210140','Ongulero'),('7210140004','7210140','Soi'),('7210140005','7210140','Wawugaga'),('7210140006','7210140','Dombu'),('7210140007','7210140','Taipanggabe'),('7210140008','7210140','Wayu'),('7210140009','7210140','Matantimali'),('7210140010','7210140','Lewara'),('7210140011','7210140','Lemosiranindi'),('7210140012','7210140','Wawujai'),('7210150001','7210150','Rondingo'),('7210150002','7210150','Pobolobia'),('7210150003','7210150','Uwemanje'),('7210150004','7210150','Porame'),('7210150005','7210150','Balane'),('7210150006','7210150','Doda'),('7210150007','7210150','Daenggune'),('7210150008','7210150','Kanuna'),('7210150009','7210150','Kalora'),('7210150010','7210150','Kayumpia'),('7211010001','7211010','Togong Sagu'),('7211010002','7211010','Kanari'),('7211010003','7211010','Taduno'),('7211010004','7211010','Lantibung'),('7211010005','7211010','Lalong'),('7211010006','7211010','Kalupapi'),('7211010007','7211010','Bone-bone'),('7211010008','7211010','Mbeleang'),('7211010009','7211010','Tabulang'),('7211010010','7211010','Bungin Luean'),('7211010011','7211010','Sasabobok'),('7211010012','7211010','Dungkean'),('7211020001','7211020','Bontosi'),('7211020002','7211020','Liputalas'),('7211020003','7211020','Lipulalongo'),('7211020004','7211020','Alasan'),('7211020005','7211020','Padingkian'),('7211020006','7211020','Paisulamo'),('7211020007','7211020','Lalong'),('7211020008','7211020','Mansalean'),('7211030002','7211030','Bone Baru'),('7211030003','7211030','Tolise Tubono'),('7211030004','7211030','Lokotoy'),('7211030005','7211030','Popisi'),('7211030006','7211030','Paisumosoni'),('7211040001','7211040','Tinakin Laut'),('7211040002','7211040','Lampa'),('7211040003','7211040','Lompio'),('7211040004','7211040','Tano Bonunungan'),('7211040005','7211040','Dodung'),('7211040006','7211040','Potil Pololoba'),('7211040007','7211040','Kokini'),('7211040008','7211040','Dangkalan'),('7211040009','7211040','Lambako'),('7211040010','7211040','Pasir Putih'),('7211050001','7211050','Monsongan'),('7211050002','7211050','Pososlalongo'),('7211050003','7211050','Badumpayan'),('7211050004','7211050','Tintingo'),('7211050005','7211050','Adean'),('7211050006','7211050','Mominit'),('7211050007','7211050','Timbong'),('7211050008','7211050','Gong-gong'),('7211060001','7211060','Bentean'),('7211060002','7211060','Tolokibit'),('7211060003','7211060','Matanga'),('7211060004','7211060','Labuan Kapelak'),('7211060005','7211060','Malino'),('7211060006','7211060','Kelapa Lima'),('7211070001','7211070','Nggasuang'),('7211070002','7211070','Toropot'),('7211070003','7211070','Kokudang'),('7211070004','7211070','Minanga'),('7211070005','7211070','Paisubebe'),('7211070006','7211070','Kaukes'),('7211070007','7211070','Keak'),('7211070008','7211070','Bungin'),('7211070009','7211070','Ndindibung'),('7211070010','7211070','Bolokut'),('7211070011','7211070','Mandel'),('7211070012','7211070','Panapat'),('7211070013','7211070','Mbuang-mbuang'),('7211070014','7211070','Timpaus'),('7211070015','7211070','Kasuari'),('7211070016','7211070','Sonit'),('7212010001','7212010','Kasingoli'),('7212010003','7212010','Saemba'),('7212010004','7212010','Saemba Walati'),('7212010005','7212010','Tomui Karya'),('7212010006','7212010','Tomata'),('7212010007','7212010','Pambarea'),('7212010008','7212010','Londi'),('7212010009','7212010','Gontara'),('7212010010','7212010','Taende'),('7212010011','7212010','Ensa'),('7212010012','7212010','Lanumor'),('7212010013','7212010','Peonea'),('7212010014','7212010','Kolaka'),('7212020001','7212020','Wawopada'),('7212020002','7212020','Lembobaru'),('7212020003','7212020','Wara\'a'),('7212020004','7212020','Tingkea\'o'),('7212020005','7212020','Korobonde'),('7212020006','7212020','Mora'),('7212020007','7212020','Uluanso'),('7212020009','7212020','Tinompo'),('7212020010','7212020','Koro Walelo'),('7212020011','7212020','Kumpi'),('7212020012','7212020','Korompeeli'),('7212020013','7212020','Lemboroma'),('7212020014','7212020','Korowou'),('7212030001','7212030','Dolupo Karya'),('7212030002','7212030','Mandula'),('7212030003','7212030','Lembobelala'),('7212030004','7212030','Po\'ona'),('7212030005','7212030','Ronta'),('7212030006','7212030','Bintangor Mukti'),('7212030007','7212030','Petumbea'),('7212030008','7212030','Pontango\'a'),('7212030009','7212030','Jamor Jaya'),('7212030010','7212030','Pa\'awaru'),('7212040001','7212040','Molores'),('7212040002','7212040','Keuno'),('7212040003','7212040','Mohoni'),('7212040004','7212040','Peboa'),('7212040005','7212040','Masara'),('7212040006','7212040','Molino'),('7212040007','7212040','Polewali'),('7212040008','7212040','Towara Pantai'),('7212040009','7212040','Towara'),('7212040010','7212040','Bungintimbe'),('7212040011','7212040','Tompira'),('7212040012','7212040','Bunta'),('7212050001','7212050','Koromatantu'),('7212050002','7212050','Korololama'),('7212050003','7212050','Korololaki'),('7212050004','7212050','Koya'),('7212050005','7212050','Gililana'),('7212050006','7212050','Tanauge'),('7212050007','7212050','Kolonodale'),('7212050008','7212050','Bahontula'),('7212050009','7212050','Bahoue'),('7212050010','7212050','Ganda Ganda'),('7212060001','7212060','Moleono'),('7212060002','7212060','Onepute'),('7212060003','7212060','Mondowe'),('7212060004','7212060','Tadaku Jaya'),('7212060005','7212060','Sampalowo'),('7212060006','7212060','Maralee'),('7212060007','7212060','Togo Mulyo'),('7212060008','7212060','Tiu'),('7212060009','7212060','Ulu Laa'),('7212060010','7212060','Tontowea'),('7212070001','7212070','Tiwaa'),('7212070002','7212070','Tabarano'),('7212070003','7212070','Wawondula'),('7212070004','7212070','Lembontonara'),('7212070005','7212070','Tamonjengi'),('7212070006','7212070','Mayumba'),('7212070008','7212070','Era'),('7212080001','7212080','Tamainusi'),('7212080002','7212080','Panca Makmur'),('7212080003','7212080','Toddopoli Uebangke'),('7212080004','7212080','Tandoyondo'),('7212080005','7212080','Lembah Sumara'),('7212080006','7212080','Tambayoli'),('7212080007','7212080','Sumara Jaya'),('7212080008','7212080','Bau'),('7212080009','7212080','Malino'),('7212080010','7212080','Malino Jaya'),('7212090001','7212090','Tokonanaka'),('7212090002','7212090','Matube'),('7212090003','7212090','Taronggo'),('7212090004','7212090','Posangke'),('7212090005','7212090','Tokala Atas'),('7212090006','7212090','Uewajo'),('7212090007','7212090','Baturube'),('7212090008','7212090','Pokeang'),('7212090009','7212090','Woomparigi'),('7212090010','7212090','Tambarobone'),('7212090011','7212090','Uemasi'),('7212090012','7212090','Tirongan Atas'),('7212090013','7212090','Kalombang'),('7212090014','7212090','Tirongan Bawah'),('7212090015','7212090','Siliti'),('7212090016','7212090','Opo'),('7212090017','7212090','Tanaku Raya'),('7212090018','7212090','Lemo'),('7212090019','7212090','Uempanapa'),('7212090021','7212090','Boba'),('7212090022','7212090','Lemowalia'),('7212090023','7212090','Salubiro'),('7212100001','7212100','Kolo Atas'),('7212100002','7212100','Kolo Bawah'),('7212100003','7212100','Momo'),('7212100004','7212100','Giri Mulya'),('7212100005','7212100','Tananagaya'),('7212100006','7212100','Tana Sumpu'),('7212100007','7212100','Pandauke'),('7212100008','7212100','Tambale'),('7212100009','7212100','Winangabino'),('7212100010','7212100','Sea'),('7212100011','7212100','Uepakatu'),('7212100012','7212100','Parangisi'),('7212100013','7212100','Lijo'),('7212100014','7212100','Menyo\'e'),('7271010004','7271010','Ujuna'),('7271010005','7271010','Baru'),('7271010006','7271010','Siranindi'),('7271010007','7271010','Kamonji'),('7271010008','7271010','Balaroa'),('7271011002','7271011','Pengawu'),('7271011003','7271011','Palupi'),('7271011004','7271011','Tawanjuka'),('7271011005','7271011','Boyaoge'),('7271012001','7271012','Donggala Kodi'),('7271012002','7271012','Kabonena'),('7271012003','7271012','Silae'),('7271012004','7271012','Tipo'),('7271012005','7271012','Buluri'),('7271012006','7271012','Watusampu'),('7271020004','7271020','Birobuli Selatan'),('7271020005','7271020','Petobo'),('7271020007','7271020','Birobuli Utara'),('7271020008','7271020','Tatura Utara'),('7271020009','7271020','Tatura Selatan'),('7271030001','7271030','Besusu Barat'),('7271030002','7271030','Besusu Tengah'),('7271030003','7271030','Besusu Timur'),('7271030004','7271030','Lolu Utara'),('7271030005','7271030','Lolu Selatan'),('7271031001','7271031','Talise'),('7271031002','7271031','Tanamodindi'),('7271031003','7271031','Lasoani'),('7271031004','7271031','Kawatuna'),('7271031005','7271031','Poboya'),('7271031006','7271031','Tondo'),('7271031007','7271031','Layana Indah'),('7271031008','7271031','Talise Valangguni'),('7271040001','7271040','Mamboro'),('7271040002','7271040','Taipa'),('7271040003','7271040','Kayumalue Pajeko'),('7271040004','7271040','Kayumalue Ngapa'),('7271040009','7271040','Mamboro Barat'),('7271041001','7271041','Panau'),('7271041002','7271041','Lambara'),('7271041003','7271041','Baiya'),('7271041004','7271041','Pantoloan'),('7271041005','7271041','Pantoloan Boya');
/*!40000 ALTER TABLE `kelurahans` ENABLE KEYS */;
UNLOCK TABLES;

--
-- Table structure for table `programs`
--

DROP TABLE IF EXISTS `programs`;
/*!40101 SET @saved_cs_client     = @@character_set_client */;
/*!50503 SET character_set_client = utf8mb4 */;
CREATE TABLE `programs` (
  `id` int NOT NULL AUTO_INCREMENT,
  `instansiId` int NOT NULL,
  `namaProgram` mediumtext NOT NULL,
  `indikatorKinerjaProgram` longtext NOT NULL,
  `paguProgram` bigint NOT NULL,
  `createdAt` timestamp NULL DEFAULT CURRENT_TIMESTAMP,
  `updatedAt` datetime DEFAULT CURRENT_TIMESTAMP ON UPDATE CURRENT_TIMESTAMP,
  PRIMARY KEY (`id`),
  KEY `instansiId_idx` (`instansiId`),
  CONSTRAINT `instansiId` FOREIGN KEY (`instansiId`) REFERENCES `instansis` (`id`)
) ENGINE=InnoDB AUTO_INCREMENT=5 DEFAULT CHARSET=utf8mb4 COLLATE=utf8mb4_0900_ai_ci;
/*!40101 SET character_set_client = @saved_cs_client */;

--
-- Dumping data for table `programs`
--

LOCK TABLES `programs` WRITE;
/*!40000 ALTER TABLE `programs` DISABLE KEYS */;
INSERT INTO `programs` VALUES (1,1,'Program Penyelenggaraan Jalan','Persentase kemantapan jalan provinsi Persentasi jumlah ruas jalan provinsi yang telah memiliki sertifikat uji laik Proporsi Panjang Jaringan Jalan Dalam Kondisi Baik Rasio Panjang Jalan Dengan Jumlah penduduk',0,'2022-12-24 19:35:28','2022-12-25 03:35:28'),(2,2,'Program Pengelolaan Pendidikan (SMA)','-',0,'2022-12-24 19:35:28','2022-12-25 03:35:28'),(3,2,'Program Pengelolaan Pendidikan (SMK)','-',0,'2022-12-24 19:35:28','2022-12-25 03:35:28'),(4,2,'Program Pengelolaan Pendidikan (Pendidikan Khusus)','-',0,'2022-12-24 19:35:28','2022-12-25 03:35:28');
/*!40000 ALTER TABLE `programs` ENABLE KEYS */;
UNLOCK TABLES;

--
-- Table structure for table `provinsis`
--

DROP TABLE IF EXISTS `provinsis`;
/*!40101 SET @saved_cs_client     = @@character_set_client */;
/*!50503 SET character_set_client = utf8mb4 */;
CREATE TABLE `provinsis` (
  `id` varchar(45) NOT NULL,
  `nama` varchar(45) NOT NULL,
  PRIMARY KEY (`id`)
) ENGINE=InnoDB DEFAULT CHARSET=utf8mb4 COLLATE=utf8mb4_0900_ai_ci;
/*!40101 SET character_set_client = @saved_cs_client */;

--
-- Dumping data for table `provinsis`
--

LOCK TABLES `provinsis` WRITE;
/*!40000 ALTER TABLE `provinsis` DISABLE KEYS */;
INSERT INTO `provinsis` VALUES ('72','Sulawesi Tengah');
/*!40000 ALTER TABLE `provinsis` ENABLE KEYS */;
UNLOCK TABLES;

--
-- Table structure for table `sub_kegiatans`
--

DROP TABLE IF EXISTS `sub_kegiatans`;
/*!40101 SET @saved_cs_client     = @@character_set_client */;
/*!50503 SET character_set_client = utf8mb4 */;
CREATE TABLE `sub_kegiatans` (
  `id` int NOT NULL AUTO_INCREMENT,
  `kegiatanId` int NOT NULL,
  `namaSubKegiatan` mediumtext NOT NULL,
  `indikatorKinerjaSubKegiatan` longtext NOT NULL,
  `paguSubKegiatan` bigint NOT NULL,
  `createdAt` timestamp NULL DEFAULT CURRENT_TIMESTAMP,
  `updatedAt` datetime DEFAULT CURRENT_TIMESTAMP ON UPDATE CURRENT_TIMESTAMP,
  PRIMARY KEY (`id`),
  KEY `kegiatanId_idx` (`kegiatanId`),
  CONSTRAINT `kegiatanId` FOREIGN KEY (`kegiatanId`) REFERENCES `kegiatans` (`id`)
) ENGINE=InnoDB AUTO_INCREMENT=37 DEFAULT CHARSET=utf8mb4 COLLATE=utf8mb4_0900_ai_ci;
/*!40101 SET character_set_client = @saved_cs_client */;

--
-- Dumping data for table `sub_kegiatans`
--

LOCK TABLES `sub_kegiatans` WRITE;
/*!40000 ALTER TABLE `sub_kegiatans` DISABLE KEYS */;
INSERT INTO `sub_kegiatans` VALUES (1,1,'Pembangunan Jalan','Panjang Jalan Yang Dibangun',0,'2022-12-24 19:35:54','2022-12-25 03:35:54'),(2,1,'Rekonstruksi Jalan','Panjang Jalan yang Dilakukan Rekonstruksi Jalan',103000000000,'2022-12-24 19:35:54','2022-12-25 03:35:54'),(3,1,'Pemeliharaan Berkala Jalan','Panjang Jalan yang Dilakukan Pemeliharaan Secara Berkala',6500000000,'2022-12-24 19:35:54','2022-12-25 03:35:54'),(4,1,'Pemeliharaan Rutin Jalan','Panjang Jalan yang Dilakukan Pemeliharaan Secara Rutin',15467591000,'2022-12-24 19:35:54','2022-12-25 03:35:54'),(5,1,'Penggantian Jembatan','Panjang Jembatan yangDilakukan Penggantian',23500000000,'2022-12-24 19:35:54','2022-12-25 03:35:54'),(6,1,'Pemeliharaan Rutin Jembatan','Panjang Jembatan yang Dilakukan Pemeliharaan Secara Rutin',3300000000,'2022-12-24 19:35:54','2022-12-25 03:35:54'),(7,2,'Pengelolaan Dana BOS Sekolah Menengah Atas','Jumlah Sekolah Menengah Atas yang tersalurkan Dana BOS',125184975000,'2022-12-24 19:35:54','2022-12-25 03:35:54'),(8,2,'Pemeliharaan Rutin Bangunan Gedung dan Ruang Sekolah','Pemeliharaan Rutin Bangunan Gedung dan Ruang Sekolah',137969206363,'2022-12-24 19:35:54','2022-12-25 03:35:54'),(9,2,'Pengadaan Alat Praktik dan Peraga Peserta Didik','Jumlah SMA yang Terpenuhi Pengadaan Alat Praktik dan Peraga Peserta Didik',172804095,'2022-12-24 19:35:54','2022-12-25 03:35:54'),(10,2,'Pembangunan Sarana, Prasarana dan Utilitas Sekolah','Jumlah SMA yang Terpenuhi Pembangunan Sarana, Prasarana dan Utilitas Sekolah',1058000000,'2022-12-24 19:35:54','2022-12-25 03:35:54'),(11,2,'Rehabilitasi Sarana, Prasarana dan Utilitas Sekolah','Jumlah SMA yang Terpenuhi Rehabilitasi Sarana, Prasarana dan Utilitas Sekolah',138000000,'2022-12-24 19:35:54','2022-12-25 03:35:54'),(12,2,'Pembinaan Kelembagaan dan Manajemen Sekolah Menengah Atas','Jumlah sekolah yang mendapat Pembinaan Kelembagaan dan Manajemen Sekolah Menengah Atas',247531860,'2022-12-24 19:35:54','2022-12-25 03:35:54'),(13,2,'Penyediaan Pendidik dan Tenaga Kependidikan bagi Satuan Pendidikan Sekolah Menengah Atas','Tersedianya Jumlah Pendidik dan Tenaga kependidikan',158902624,'2022-12-24 19:35:54','2022-12-25 03:35:54'),(14,2,'Penyiapan dan Tindak Lanjut Evaluasi Satuan Pendidikan Menengah Atas','Jumlah Dokumen Evaluasi Satuan Pendidikan Menengah Atas',139575185,'2022-12-24 19:35:54','2022-12-25 03:35:54'),(15,2,'Pembangunan Ruang/Sudut Baca','Jumlah SMA yang Terpenuhi Pembangunan Ruang/Sudut Baca',97175000,'2022-12-24 19:35:54','2022-12-25 03:35:54'),(16,2,'Pembinaan Minat, Bakat dan Kreativitas Siswa','Jumlah Siswa yang mendapatkan pembinaan, pengembangan prestasi dibidang sains, dan seni olimpiade, olahraga',643030727,'2022-12-24 19:35:54','2022-12-25 03:35:54'),(17,3,'Pengelolaan Dana BOS Sekolah Menengah Kejuruan','Jumlah Sekolah Menengah Kejuruan yang tersalurkan Dana BOS',90622518500,'2022-12-24 19:35:54','2022-12-25 03:35:54'),(18,3,'Pembangunan Ruang Praktik Siswa','Jumlah SMK yang Terpenuhinya Pembangunan Ruang Praktik Siswa',142632177086,'2022-12-24 19:35:54','2022-12-25 03:35:54'),(19,3,'Pembinaan Minat, Bakat dan Kreativitas Siswa','Meningkatkan Sumber Daya Manusia Yang Berkualitas Dan Berdaya Saing',537115841,'2022-12-24 19:35:54','2022-12-25 03:35:54'),(20,3,'Penyiapan dan Tindak Lanjut Evaluasi Satuan Pendidikan Menengah Kejuruan Siswa','Jumlah Dokumen Evaluasi Satuan Pendidikan Menengah Kejuruan',172500000,'2022-12-24 19:35:54','2022-12-25 03:35:54'),(21,3,'Pengadaan Perlengkapan Sekolah','Jumlah SMK yang Terpenuhinya Pengadaan Perlengkapan Sekolah',172500000,'2022-12-24 19:35:54','2022-12-25 03:35:54'),(22,3,'Penyediaan Biaya Personil Peserta Didik Sekolah Menengah Kejuruan','Jumlah SMK yang Terpenuhinya Tersedianya P Biaya Personil Peserta Didik SMK Yang Putus Sekolah dan Tidak Mampu (Pemenuhan SPM)',172500000,'2022-12-24 19:35:54','2022-12-25 03:35:54'),(23,3,'Pembinaan Kelembagaan dan Manajemen Sekolah Menengah Kejuruan','Terlaksananya pembinaan dan Pengembangan Kelembagaan Serta Manajemen Pengelolaan Pendidikan Menengah Kejuruan Manusia Yang Berkualitas Dan Berdaya Saing',230000000,'2022-12-24 19:35:54','2022-12-25 03:35:54'),(24,3,'Pemeliharaan Rutin Bangunan Gedung dan Ruang Sekolah','Jumlah SMK yang Terpenuhinya Pemeliharaan Rutin Bangunan Gedung dan Ruang Sekolah',172500000,'2022-12-24 19:35:54','2022-12-25 03:35:54'),(25,3,'Penyelengaraan Proses Belajar dan Ujian bagi Peserta Didik','Terlaksanya Pengembangan dan Pembinaan Guru SMK',172500000,'2022-12-24 19:35:54','2022-12-25 03:35:54'),(26,3,'Pengembangan Karir Pendidik dan Tenaga Kependidikan Pada Satuan Pendidikan Sekolah Menengah Kejuruan','Terlaksanya Pengembangan dan Pembinaan Guru SMK',172500000,'2022-12-24 19:35:54','2022-12-25 03:35:54'),(27,4,'Peningkatan Kapasitas Pengelolaan Dana BOS Sekolah Pendidikan Khusus','Jumlah Sekolah Pendidikan Khusus yang tersalurkan Dana BOS',2605900000,'2022-12-24 19:35:54','2022-12-25 03:35:54'),(28,4,'Pembangunan Sarana, Prasarana dan Utilitas Sekolah','Meningkatnya Persentase Jumlah SLB yang Sarananya Memenuhi Standar Nasional Pendidikan',5575642606,'2022-12-24 19:35:54','2022-12-25 03:35:54'),(29,4,'Penyediaan Pendidik dan Tenaga Kependidikan bagi Satuan Pendidikan Khusus','Terlaksanya Pengembangan dan Pembinaan Guru SLB',294249010,'2022-12-24 19:35:54','2022-12-25 03:35:54'),(30,4,'Pembinaan Kelembagaan dan Manajemen Sekolah Pendidikan Khusus','Terlaksananya pembinaan dan Pengembangan Kelembagaan Serta Manajemen Pengelolaan Pendidikan Khusus',248502724,'2022-12-24 19:35:54','2022-12-25 03:35:54'),(31,4,'Rehabilitasi Sarana, Prasarana dan Utilitas Sekolah','Meningkatnya Persentase Jumlah SLB yang Sarananya Memenuhi Standar Nasional Pendidikan',172500000,'2022-12-24 19:35:54','2022-12-25 03:35:54'),(32,4,'Pengembangan Karir Pendidik dan Tenaga Kependidikan pada Satuan Pendidikan Khusus','Terlaksanya Pengembangan dan Pembinaan Guru SLB',230000000,'2022-12-24 19:35:54','2022-12-25 03:35:54'),(33,4,'Pembinaan Minat, Bakat dan Kreativitas Siswa','Terwujudnya pembinaan, pengembangan prestasi dibidang sains, dan seni olimpiade, olahraga, sains, dan seni',235769410,'2022-12-24 19:35:54','2022-12-25 03:35:54'),(34,4,'Penyiapan dan Tindak Lanjut Evaluasi Satuan Pendidikan Khusus','Terwujudnya pembinaan, pengembangan prestasi dibidang sains, dan seni olimpiade, olahraga, sains, dan seni',230000000,'2022-12-24 19:35:54','2022-12-25 03:35:54'),(35,4,'Pengadaan Alat Praktik dan Peraga Siswa','Meningkatnya Persentase Jumlah SLB yang Sarananya Memenuhi Standar Nasional Pendidikan',218110725,'2022-12-24 19:35:54','2022-12-25 03:35:54'),(36,4,'Pemeliharaan Rutin Sarana, Prasarana dan Utilitas Sekolah','Meningkatnya Persentase Jumlah SLB yang Sarananya Memenuhi Standar Nasional Pendidikan',172500000,'2022-12-24 19:35:54','2022-12-25 03:35:54');
/*!40000 ALTER TABLE `sub_kegiatans` ENABLE KEYS */;
UNLOCK TABLES;
/*!40103 SET TIME_ZONE=@OLD_TIME_ZONE */;

/*!40101 SET SQL_MODE=@OLD_SQL_MODE */;
/*!40014 SET FOREIGN_KEY_CHECKS=@OLD_FOREIGN_KEY_CHECKS */;
/*!40014 SET UNIQUE_CHECKS=@OLD_UNIQUE_CHECKS */;
/*!40101 SET CHARACTER_SET_CLIENT=@OLD_CHARACTER_SET_CLIENT */;
/*!40101 SET CHARACTER_SET_RESULTS=@OLD_CHARACTER_SET_RESULTS */;
/*!40101 SET COLLATION_CONNECTION=@OLD_COLLATION_CONNECTION */;
/*!40111 SET SQL_NOTES=@OLD_SQL_NOTES */;

-- Dump completed on 2022-12-26 23:59:40
